SKU,Name,Status,Country of Manufacture
110436201,"PAPIER A DESSIN BLANC POCHETTE 12 FEUILLES 120g 24cmx32cm ""TECHNO"" REF: 9034",1,DZ
110479501,"PAPIER A DESSIN BLANC POCHETTE 12 FEUILLES 120g A3 ""TECHNO"" REF: 9065",1,DZ
110466501,"PAPIER A DESSIN BLANC POCHETTE 12 FEUILLES 120g A4 ""TECHNO"" REF: 9064",1,DZ
1928103,"PAPIER A DESSIN BLANC POCHETTE 12 FEUILLES 24cmx32cm 180g ""TECHNO"" REF: 9154",1,DZ
1921903,"PAPIER A DESSIN BLANC POCHETTE 12 FEUILLES 24cmx32cm 220g ""TECHNO"" REF: 9153",1,DZ
539,"ARDOISE DOUBLE FACES BLANCHE ET NOIRE AVEC BROSSE ET MARQUEUR BLEU ""TECHNO"" REF: 9263",1,DZ
538,"ARDOISE DOUBLE FACES BLANCHE ET NOIRE AVEC BROSSE ET MARQUEUR VERT ""TECHNO"" REF: 9263",1,DZ
536,"ARDOISE DOUBLE FACES BLANCHE ET NOIRE AVEC BROSSE ET MARQUEUR MOVE ""TECHNO"" REF: 9263",1,DZ
535,"ARDOISE DOUBLE FACES BLANCHE ET NOIRE AVEC BROSSE ET MARQUEUR ORANGE ""TECHNO"" REF: 9263",1,DZ
534,"ARDOISE DOUBLE FACES BLANCHE ET NOIRE AVEC BROSSE ET MARQUEUR ROSE ""TECHNO"" REF: 9263",1,DZ
532,"ARDOISE DOUBLE FACES BLANCHE ET QUADRILLEE AVEC BROSSE ET MARQUEUR BLEU ""TECHNO"" REF: 9222",1,DZ
531,"ARDOISE DOUBLE FACES BLANCHE ET QUADRILLEE AVEC BROSSE ET MARQUEUR VERT ""TECHNO"" REF: 9222",1,DZ
530,"ARDOISE DOUBLE FACES BLANCHE ET QUADRILLEE AVEC BROSSE ET MARQUEUR ROSE ""TECHNO"" REF: 9222",1,DZ
529,"ARDOISE DOUBLE FACES BLANCHE ET QUADRILLEE AVEC BROSSE ET MARQUEUR ORANGE ""TECHNO"" REF: 9222",1,DZ
527,"ARDOISE DOUBLE FACES BLANCHE ET QUADRILLEE AVEC BROSSE ET MARQUEUR MOVE ""TECHNO"" REF: 9222",1,DZ
501,"BOITE EPONGE BLEU ""TECHNO"" REF: 9134",1,DZ
500,"BOITE EPONGE TRANSPARENTE ""TECHNO"" REF: 9134",1,DZ
499,"BOITE EPONGE JAUNE ""TECHNO"" REF: 9134",1,DZ
498,"BOITE EPONGE ORANGE ""TECHNO"" REF: 9134",1,DZ
497,"BOITE EPONGE ROSE ""TECHNO"" REF: 9134",1,DZ
496,"BOITE EPONGE VIOLET ""TECHNO"" REF: 9134",1,DZ
1764207,"PAPIER CALQUE EN POCHETTE DE 12 FEUILLES A4 50g ""TECHNO"" REF: 9070",1,DZ
1827403,"PAPIER CALQUE EN POCHETTE DE 12 FEUILLES A4 70g ""TECHNO"" REF: 9071",1,DZ
1140613108,"CAHIER DESSIN 32 PAGES 17cmx22cm QUADRILLE ""TECHNO"" REF: 9440",1,DZ
1140613109,"CAHIER DESSIN 32 PAGES 17cmx22cm UNI ""TECHNO"" REF: 9441",1,DZ
827,"REGLE ECOLIER 20cm TRANSPARENT ""TECHNO"" REF: 9502",1,DZ
828,"REGLE ECOLIER 20cm BLEU ""TECHNO"" REF: 9502",1,DZ
829,"REGLE ECOLIER 20cm ROSE ""TECHNO"" REF: 9502",1,DZ
830,"REGLE ECOLIER 20cm JAUNE ""TECHNO"" REF: 9502",1,DZ
831,"REGLE ECOLIER 20cm VIOLET ""TECHNO"" REF: 9502",1,DZ
832,"REGLE ECOLIER 20cm ORANGE ""TECHNO"" REF: 9502",1,DZ
833,"REGLE ECOLIER 30cm TRANSPARENT ""TECHNO"" REF: 9503",1,DZ
834,"REGLE ECOLIER 30cm BLEU ""TECHNO"" REF: 9503",1,DZ
835,"REGLE ECOLIER 30cm ROSE ""TECHNO"" REF: 9503",1,DZ
836,"REGLE ECOLIER 30cm JAUNE ""TECHNO"" REF: 9503",1,DZ
837,"REGLE ECOLIER 30cm VIOLET ""TECHNO"" REF: 9503",1,DZ
838,"REGLE ECOLIER 30cm ORANGE ""TECHNO"" REF: 9503",1,DZ
839,"RAPPORTEUR ECOLIER 180° TRANSPARENT ""TECHNO"" REF: 9505",1,DZ
840,"RAPPORTEUR ECOLIER 180° BLEU ""TECHNO"" REF: 9505",1,DZ
841,"RAPPORTEUR ECOLIER 180° ROSE ""TECHNO"" REF: 9505",1,DZ
842,"RAPPORTEUR ECOLIER 180° JAUNE ""TECHNO"" REF: 9505",1,DZ
843,"RAPPORTEUR ECOLIER 180° VIOLET ""TECHNO"" REF: 9505",1,DZ
844,"RAPPORTEUR ECOLIER 180° ORANGE ""TECHNO"" REF: 9505",1,DZ
845,"EQUERRE ECOLIER 13cm 60° TRANSPARENT ""TECHNO"" REF: 9504",1,DZ
846,"EQUERRE ECOLIER 13cm 60° BLEU ""TECHNO"" REF: 9504",1,DZ
847,"EQUERRE ECOLIER 13cm 60° ROSE ""TECHNO"" REF: 9504",1,DZ
848,"EQUERRE ECOLIER 13cm 60° JAUNE ""TECHNO"" REF: 9504",1,DZ
849,"EQUERRE ECOLIER 13cm 60° VIOLET ""TECHNO"" REF: 9504",1,DZ
850,"EQUERRE ECOLIER 13cm 60° ORANGE ""TECHNO"" REF: 9504",1,DZ
1140608313,"FEUILLETS MOBILES PERFORES BLANC A4 QUADRILLE SEYES 70g PCHT DE 25F ""TECHNO"" REF: 9416",1,DZ
1140608312,"FEUILLETS MOBILES PERFORES BLANC A4 UNI 70g PCHET DE 25 F ""TECHNO"" REF: 9415",1,DZ
910,"CHEMISE A RABATS EN CARTON ROUGE ""TECHNO"" REF: 9386",1,DZ
911,"CHEMISE A RABATS EN CARTON BLEU ""TECHNO"" REF: 9386",1,DZ
912,"CHEMISE A RABATS EN CARTON VERT ""TECHNO"" REF: 9386",1,DZ
913,"CHEMISE A RABATS EN CARTON ORANGE ""TECHNO"" REF: 9386",1,DZ
1002,"PAPIER GOMME BRILLANT AUTOCOLLANT DE 10 FEUILLES A4 BLEU ""TECHNO"" REF: 9347",1,DZ
1003,"PAPIER GOMME BRILLANT AUTOCOLLANT DE 10 FEUILLES A4 VERT ""TECHNO"" REF: 9347",1,DZ
1004,"PAPIER GOMME BRILLANT AUTOCOLLANT DE 10 FEUILLES A4 ORANGE ""TECHNO"" REF: 9347",1,DZ
1005,"PAPIER GOMME BRILLANT AUTOCOLLANT DE 10 FEUILLES A4 ROSE ""TECHNO"" REF: 9347",1,DZ
1006,"PAPIER GOMME BRILLANT AUTOCOLLANT DE 10 FEUILLES A4 VIOLET ""TECHNO"" REF: 9347",1,DZ
1007,"PAPIER GOMME BRILLANT AUTOCOLLANT DE 10 FEUILLES A4 ROUGE ""TECHNO"" REF: 9347",1,DZ
1008,"PAPIER GOMME BRILLANT AUTOCOLLANT DE 10 FEUILLES A5 BLEU ""TECHNO"" REF: 9135",1,DZ
1009,"PAPIER GOMME BRILLANT AUTOCOLLANT DE 10 FEUILLES A5 VERT ""TECHNO"" REF: 9135",1,DZ
1010,"PAPIER GOMME BRILLANT AUTOCOLLANT DE 10 FEUILLES A5 ORANGE ""TECHNO"" REF: 9135",1,DZ
1011,"PAPIER GOMME BRILLANT AUTOCOLLANT DE 10 FEUILLES A5 ROSE ""TECHNO"" REF: 9135",1,DZ
1012,"PAPIER GOMME BRILLANT AUTOCOLLANT DE 10 FEUILLES A5 VIOLET ""TECHNO"" REF: 9135",1,DZ
1013,"PAPIER GOMME BRILLANT AUTOCOLLANT DE 10 FEUILLES A5 ROUGE ""TECHNO"" REF: 9135",1,DZ
1140610224,"BLOC NOTES COLLÉ NOTY QUADRILLE 5x5 A6 50F ""TECHNO"" REF: 9405",1,DZ
111823842,"CHEMISE DOSSIER PLIEE COULEURS PAQUET DE 10F 23x32cm ""TECHNO"" REF: 9275",1,DZ
1946503,"CHEMISE DOSSIER PLIEE COULEURS PAQUET DE 50F 23x32cm ""TECHNO"" REF: 9202",1,DZ
1140620122,"PAPIER A DESSIN AQUARELLE POCHETTE 12 FEUILLES 24cmx32cm 200g ""TECHNO"" REF: 9518",1,DZ
110350201,"PAPIER A DESSIN COULEURS POCHETTE 10 FEUILLES 24cmx32cm 120g ""TECHNO"" REF: 9035",1,DZ
1140615334,"PAPIER A DESSIN POCHETTE 10 COULEURS 120g 24cmx32cm ""TECHNO"" REF: 9469",1,DZ
1922003,"PAPIER A DESSIN BLANC POCHETTE 06 FEUILLES 24cmx32cm 300g ""TECHNO"" REF: 9143",1,DZ
1140615335,"PAPIER A DESSIN NOIR POCHETTE 10 FEUILLES 120g 24cmx32cm ""TECHNO"" REF: 9470",1,DZ
2305108,"PAPIER MILLIMETRE 70g POCHETTE 12 FEUILLES A4 AVEC 21.5x31.5cm ""TECHNO"" REF: 9136",1,DZ
1140615067,"FICHE BRISTOL BLANC 05mmx05mm A4 170g PAQUET DE 10 FEUILLES ""TECHNO"" REF: 9448",1,DZ
2489212,"BUCHETTES EDUCATIVES 60mm ""TECHNO"" REF: 9239",1,DZ
2489112,"JETONS EDUCATIFS 22mm ""TECHNO"" REF: 9238",1,DZ
111822530,"PAPIER BUVARD 16x21cm 100g PAQUET DE 12 FEUILLES ""TECHNO"" REF: 9338",1,DZ
2029609,"SOUS-CHEMISE DOSSIER PLIEE COULEURS PAQUET 100F 22x31cm ""TECHNO"" REF: 9203",1,DZ
1140611650,"JEUX DE CARTE CATS FAMILY ADDI CAT'S ""TECHNO"" REF: 9429",1,DZ
1140611655,"JEUX DE CARTE CATS FAMILY CONJUG CAT'S ""TECHNO"" REF: 9439",1,DZ
1140611653,"JEUX DE CARTE CATS FAMILY GRAMMI CAT'S 1 ""TECHNO"" REF: 9436",1,DZ
1140617120,"JEUX DE CARTE CATS FAMILY J'APPRENDS A LIRE LES ANIMAUX ""TECHNO"" REF: 9485",1,DZ
1140611657,"JEUX DE CARTE CATS FAMILY LA PECHE AUX MOTS ""TECHNO"" REF: 9451",1,DZ
1140611652,"JEUX DE CARTE CATS FAMILY LA RONDE DES EMOTIONS ""TECHNO"" REF: 9434",1,DZ
1140611656,"JEUX DE CARTE CATS FAMILY MULTIPLI CAT'S ""TECHNO"" REF: 9450",1,DZ
1140611651,"JEUX DE CARTE CATS FAMILY NUME CAT'S ""TECHNO"" REF: 9430",1,DZ
1140611649,"JEUX DE CARTE CATS FAMILY NUME CAT'S JUNIOR ""TECHNO"" REF: 9427",1,DZ
1140611654,"JEUX DE CARTE CATS FAMILY ORTHO CAT'S 3 ""TECHNO"" REF: 9438",1,DZ
108983801,"BOITE D'ARCHIVES PERSONNALISABLE EN CARTON AVEC TRESSE TECHNO ""TECHNO"" REF: 3147",1,DZ
5,"CAHIER SPIRAL 17cmx22cm SEYES 70g ""MAPED""",1,DZ
2078309,"ARDOISE DOUBLE FACES BLANCHE ET NOIRE AVEC BROSSE ET MARQUEUR ""TECHNO"" REF: 9263",1,DZ
1987703,"ARDOISE DOUBLE FACES BLANCHE ET QUADRILLEE AVEC BROSSE ET MARQUEUR ""TECHNO"" REF: 9222",1,DZ
1785211,"BOITE EPONGE ""TECHNO"" REF: 9134",1,DZ
471,"PAPIER CALQUE EN POCHETTE DE 12 FEUILLES A4 ""TECHNO""",1,DZ
417,"CAHIER DESSIN 32 PAGES 17cmx22cm ""TECHNO""",1,DZ
1140619534,"REGLE ECOLIER 20cm ""TECHNO"" REF: 9502",1,DZ
1140619535,"REGLE ECOLIER 30cm ""TECHNO"" REF: 9503",1,DZ
1140619536,"RAPPORTEUR ECOLIER 180° ""TECHNO"" REF: 9505",1,DZ
1140618793,"EQUERRE ECOLIER 13cm 60° ""TECHNO"" REF: 9504",1,DZ
909,"FEUILLETS MOBILES PERFORES BLANC A4 ""TECHNO""",1,DZ
1140599214,"CHEMISE A RABATS EN CARTON ""TECHNO"" REF: 9386",1,DZ
111824163,"PAPIER GOMME BRILLANT AUTOCOLLANT DE 10 FEUILLES A4 ""TECHNO"" REF: 9347",1,DZ
2078509,"PAPIER GOMME BRILLANT AUTOCOLLANT DE 10 FEUILLES A5 ""TECHNO"" REF: 9135",1,DZ
1105,"CHEMISE DOSSIER ""TECHNO""",1,DZ
1140632322,"BROSSE BLEU POUR ARDOISE ""TECHNO"" REF: 9501",1,DZ
1140632323,"BROSSE ROUGE POUR ARDOISE ""TECHNO"" REF: 9501",1,DZ
1140632324,"BROSSE VIOLET POUR ARDOISE ""TECHNO"" REF: 9501",1,DZ
1140632325,"BROSSE ORANGE POUR ARDOISE ""TECHNO"" REF: 9501",1,DZ
1140632326,"BROSSE ROSE POUR ARDOISE ""TECHNO"" REF: 9501",1,DZ
1140632327,"BROSSE VERTE POUR ARDOISE ""TECHNO"" REF: 9501",1,DZ
1140632329,"ARDOISE ROSE D-FACE BLANCHE/NOIRE AVEC BROSSE ET MARQUEUR SUPER HERO GIRLS ""TECHNO"" REF: 9544",1,DZ
1140632330,"ARDOISE BLEU D-FACE BLANCHE/NOIRE AVEC BROSSE ET MARQUEUR SUPERMAN ""TECHNO"" REF: 9544",1,DZ
1140632331,"ARDOISE ROUGE D-FACE BLANCHE/NOIRE AVEC BROSSE ET MARQUEUR SUPERMAN ""TECHNO"" REF: 9544",1,DZ
1140632333,"ARDOISE BLEU D-FACE BLANCHE/NOIRE AVEC BROSSE ET MARQUEUR BATMAN ""TECHNO"" REF: 9544",1,DZ
1140632336,"ARDOISE ORANGE D-FACE BLANCHE/NOIRE AVEC BROSSE ET MARQUEUR LOONEY TUNES ""TECHNO"" REF: 9544",1,DZ
1140632338,"ARDOISE ROUGE D-FACE BLANCHE/NOIRE AVEC BROSSE ET MARQUEUR TOM&JERRY ""TECHNO"" REF: 9544",1,DZ
1140632346,"BROSSE ECOLIER TRANSPARENTE AVEC COMPARTIMENT DE CRAIE ""TECHNO"" REF: 9500",1,DZ
1140632347,"BROSSE ECOLIER VERTE AVEC COMPARTIMENT DE CRAIE ""TECHNO"" REF: 9500",1,DZ
1140632348,"BROSSE ECOLIER BLEU AVEC COMPARTIMENT DE CRAIE ""TECHNO"" REF: 9500",1,DZ
1140632349,"BROSSE ECOLIER ROSE AVEC COMPARTIMENT DE CRAIE ""TECHNO"" REF: 9500",1,DZ
1140632620,"CAHIER PIQUE TP 96P 17X22 CM SEYES 70G DORA ""TECHNO"" REF: 9442",1,DZ
1140632621,"CAHIER PIQUE TP 96P 17X22 CM SEYES 70G BLAZE ""TECHNO"" REF: 9442",1,DZ
1140632622,"CAHIER PIQUE TP 96P 17X22 CM SEYES 70G TURTLES ""TECHNO"" REF: 9442",1,DZ
1140632623,"CAHIER PIQUE TP 96P 17X22 CM SEYES 70G PAW PATROL FILLE ""TECHNO"" REF: 9442",1,DZ
1140632624,"CAHIER PIQUE TP 96P 17X22 CM SEYES 70G PAW PATROL GARÇON ""TECHNO"" REF: 9442",1,DZ
1140632625,"CAHIER PIQUE TP 96P 17X22 CM SEYES 70G SHIMME & SHINE ""TECHNO"" REF: 9442",1,DZ
1140621070,"BROSSE POUR ARDOISE ""TECHNO""",1,DZ
1140622764,"ARDOISE D-FACE S/LICENCE BLANCHE/NOIRE+BROSSE+MARQUEUR ""TECHNO"" REF: 9544",1,DZ
1140621047,"BROSSE ECOLIER AVEC COMPARTIMENT DE CRAIE ""TECHNO"" REF: 9500",1,DZ
1140611474,"CAHIER PIQUE TP 96P 17X22 CM SEYES 70G S/LICENCE ""TECHNO"" REF: 9442",1,DZ
1140633176,"ETIQUETTES SCOLAIRES ADHESIVES EN POLY-BAG/15 PIECES SIMPLE ""TECHNO"" REF: 9342",1,DZ
1140633177,"ETIQUETTES SCOLAIRES ADHESIVES EN POLY-BAG/15 PIECES MOYENS DE TRANSPORT ""TECHNO"" REF: 9342",1,DZ
1140633179,"ETIQUETTES SCOLAIRES ADHESIVES EN POLY-BAG/15 PIECES VOITURE ""TECHNO"" REF: 9342",1,DZ
1140633180,"ETIQUETTES SCOLAIRES ADHESIVES EN POLY-BAG/15 PIECES CHEVAUX ""TECHNO"" REF: 9342",1,DZ
1140633181,"ETIQUETTES SCOLAIRES ADHESIVES EN POLY-BAG/15 PIECES SMILE ""TECHNO"" REF: 9342",1,DZ
1140633182,"ETIQUETTES SCOLAIRES ADHESIVES EN POLY-BAG/15 PIECES SPORT ""TECHNO"" REF: 9342",1,DZ
1140633183,"ETIQUETTES SCOLAIRES ADHESIVES EN POLY-BAG/15 PIECES SCHOOL ""TECHNO"" REF: 9342",1,DZ
1140633184,"ETIQUETTES SCOLAIRES ADHESIVES EN POLY-BAG/15 PIECES ANIMAUX ""TECHNO"" REF: 9342",1,DZ
1140633185,"ARDOISE DOUBLE FACE BLANCHE LETTRES FRANÇAIS AVEC BROSSE ET MARQUEUR BLEU ""TECHNO"" REF: 9265",1,DZ
1140633186,"ARDOISE DOUBLE FACE BLANCHE LETTRES FRANÇAIS AVEC BROSSE ET MARQUEUR ORANGE ""TECHNO"" REF: 9265",1,DZ
1140633187,"ARDOISE DOUBLE FACE BLANCHE LETTRES FRANÇAIS AVEC BROSSE ET MARQUEUR VERT ""TECHNO"" REF: 9265",1,DZ
1140633188,"ARDOISE DOUBLE FACE BLANCHE LETTRES FRANÇAIS AVEC BROSSE ET MARQUEUR ROSE ""TECHNO"" REF: 9265",1,DZ
1140633189,"ARDOISE DOUBLE FACE BLANCHE LETTRES FRANÇAIS AVEC BROSSE ET MARQUEUR VIOLET ""TECHNO"" REF: 9265",1,DZ
1140633191,"ARDOISE DOUBLE FACE BLANCHE LETTRES ARABE AVEC BROSSE ET MARQUEUR BLEU ""TECHNO"" REF: 9264",1,DZ
1140633192,"ARDOISE DOUBLE FACE BLANCHE LETTRES ARABE AVEC BROSSE ET MARQUEUR ORANGE ""TECHNO"" REF: 9264",1,DZ
1140633193,"ARDOISE DOUBLE FACE BLANCHE LETTRES ARABE AVEC BROSSE ET MARQUEUR VERT ""TECHNO"" REF: 9264",1,DZ
1140633194,"ARDOISE DOUBLE FACE BLANCHE LETTRES ARABE AVEC BROSSE ET MARQUEUR ROSE ""TECHNO"" REF: 9264",1,DZ
1140633195,"ARDOISE DOUBLE FACE BLANCHE LETTRES ARABE AVEC BROSSE ET MARQUEUR VIOLET ""TECHNO"" REF: 9264",1,DZ
111823832,"ETIQUETTES SCOLAIRES ADHESIVES EN POLY-BAG/15 PIECES ""TECHNO"" REF: 9342",1,DZ
111823820,"ARDOISE DOUBLE FACE BLANCHE LETTRES FRANÇAIS AVEC BROSSE ET MARQUEUR ""TECHNO"" REF: 9265",1,DZ
111823489,"ARDOISE DOUBLE FACE BLANCHE LETTRES ARABE AVEC BROSSE ET MARQUEUR ""TECHNO"" REF: 9264",1,DZ
1140627878,"ALBUM PAPIER NOIR 30 FEUILLES A3 29.7x42 cm 160G ""TECHNO"" REF: 9605",1,DZ
1929309,"PAPIER A DESSIN BLANC POCHETTE 12F A3 42x29,7 160g ""TECHNO"" REF: 9129",1,DZ
1140626062,"ALBUM PAPIER NOIR 30 FEUILLES A3 120g ""TECHNO"" REF: 9602",1,DZ
1140626061,"ALBUM PAPIER NOIR 30 FEUILLES A4 21 x 29.7 cm 160G ""TECHNO"" REF: 9603",1,DZ
1140626060,"ALBUM PAPIER NOIR 30 FEUILLES A5 14.8 x 21 cm 160G ""TECHNO"" REF: 9604",1,DZ
1140627877,"PAPIER A DESSIN NOIR POCHETTE 10F 29.7 x 42 120g ""TECHNO"" REF: 9599",1,DZ
1140633850,"ALBUM PAPIER NOIR 30 FEUILLES 160G ""TECHNO""",1,DZ
1140631664,"ARDOISE MAGNETIQUE CADRE ALUMINIUM 20x30 cm BLANCHE/VERTE ""TECHNO"" REF: 9685",1,DZ
1140631663,"ARDOISE MAGNETIQUE CADRE ALUMINIUM 20x30 cm D-FACE QUADRILLEE/BLANCHE ""TECHNO"" REF: 9684",1,DZ
1140634351,"ARDOISE DOUBLE FACE LIGNÉE BLANCHE/BLANCHE AVEC BROSSE ET MARQUEUR LICENCE BATMAN ""TECHNO"" REF: 9658",1,DZ
1140634356,"ARDOISE DOUBLE FACE LIGNÉE BLANCHE/NOIRE LICENCE LOONEY TUNES ""TECHNO"" REF: 9657",1,DZ
1140634357,"ARDOISE DOUBLE FACE LIGNÉE BLANCHE/NOIRE LICENCE SUPER HERO GIRLS ""TECHNO"" REF: 9657",1,DZ
1140634358,"ARDOISE DOUBLE FACE LIGNÉE BLANCHE/NOIRE LICENCE TROLLS ""TECHNO"" REF: 9657",1,DZ
1140634359,"ARDOISE DOUBLE FACE LIGNÉE BLANCHE/NOIRE LICENCE SUPERMAN ""TECHNO"" REF: 9657",1,DZ
1140634360,"ARDOISE DOUBLE FACE LIGNÉE BLANCHE/NOIRE LICENCE BATMAN ""TECHNO"" REF: 9657",1,DZ
1140634361,"ARDOISE DOUBLE FACE LIGNÉE BLANCHE/NOIRE LICENCE THE FLASH ""TECHNO"" REF: 9657",1,DZ
1140634362,"ARDOISE DOUBLE FACE LIGNÉE BLANCHE/NOIRE LICENCE TOM AND JERRY ""TECHNO"" REF: 9657",1,DZ
1140634363,"ARDOISE DOUBLE FACE LIGNÉE BLANCHE/NOIRE LICENCE MINIONS ""TECHNO"" REF: 9657",1,DZ
1140634364,"ARDOISE DOUBLE FACE LIGNÉE BLANCHE/NOIRE LICENCE JUSTICE LEAGUE ""TECHNO"" REF: 9657",1,DZ
1140630700,"TABLIER SCOLAIRE FILLE 16 ANS BLANC ""TECHNO"" REF: 9677",1,DZ
1140630699,"TABLIER SCOLAIRE FILLE 14 ANS BLANC ""TECHNO"" REF: 9676",1,DZ
1140630698,"TABLIER SCOLAIRE FILLE 12 ANS BLANC ""TECHNO"" REF: 9675",1,DZ
1140630697,"TABLIER SCOLAIRE GARÇON 16 ANS BLANC ""TECHNO"" REF: 9674",1,DZ
1140630696,"TABLIER SCOLAIRE GARÇON 14 ANS BLANC ""TECHNO"" REF: 9673",1,DZ
1140630695,"TABLIER SCOLAIRE GARÇON 12 ANS BLANC ""TECHNO"" REF: 9672",1,DZ
1140630694,"TABLIER SCOLAIRE FILLE 10 ANS ROSE ""TECHNO"" REF: 9671",1,DZ
1140630693,"TABLIER SCOLAIRE FILLE 08 ANS ROSE ""TECHNO"" REF: 9670",1,DZ
1140630692,"TABLIER SCOLAIRE FILLE 06 ANS ROSE ""TECHNO"" REF: 9669",1,DZ
1140630691,"TABLIER SCOLAIRE GARÇON 10 ANS BLEU ""TECHNO"" REF: 9668",1,DZ
1140630690,"TABLIER SCOLAIRE GARÇON 08 ANS BLEU ""TECHNO"" REF: 9667",1,DZ
1140630689,"TABLIER SCOLAIRE GARÇON 06 ANS BLEU ""TECHNO"" REF: 9666",1,DZ
1140630688,"TABLIER CRECHE FILLE 05 ANS ROSE ""TECHNO"" REF: 9665",1,DZ
1140630687,"TABLIER CRECHE FILLE 04 ANS ROSE ""TECHNO"" REF: 9664",1,DZ
1140630686,"TABLIER CRECHE GARÇON 05 ANS BLEU ""TECHNO"" REF: 9663",1,DZ
1140630685,"TABLIER CRECHE GARÇON 04 ANS BLEU ""TECHNO"" REF: 9662",1,DZ
1140633587,"TATABLIER POUR FEMME ENSEIGNANTE AVEC MANCHE TAILLE : 52 BLANC ""TECHNO"" REF: 9741",1,DZ
1140633586,"TABLIER POUR FEMME ENSEIGNANTE AVEC MANCHE TAILLE : 50 BLANC ""TECHNO"" REF: 9740",1,DZ
1140633585,"TABLIER POUR FEMME ENSEIGNANTE AVEC MANCHE TAILLE : 48 BLANC ""TECHNO"" REF: 9739",1,DZ
1140633584,"TABLIER POUR FEMME ENSEIGNANTE AVEC MANCHE TAILLE : 46 BLANC ""TECHNO"" REF: 9738",1,DZ
1140633583,"TABLIER POUR FEMME ENSEIGNANTE AVEC MANCHE TAILLE : 44 BLANC ""TECHNO"" REF: 9737",1,DZ
1140633582,"TABLIER POUR FEMME ENSEIGNANTE AVEC MANCHE TAILLE : 42 BLANC ""TECHNO"" REF: 9736",1,DZ
1140633581,"TABLIER POUR FEMME ENSEIGNANTE AVEC MANCHE TAILLE : 40 BLANC ""TECHNO"" REF: 9735",1,DZ
1140633580,"TABLIER POUR FEMME ENSEIGNANTE AVEC MANCHE TAILLE : 38 BLANC ""TECHNO"" REF: 9734",1,DZ
1140633579,"TABLIER POUR FEMME ENSEIGNANTE AVEC MANCHE TAILLE : 36 BLANC ""TECHNO"" REF: 9733",1,DZ
1140633578,"TABLIER POUR FEMME ENSEIGNANTE SANS MANCHE TAILLE : 52 BLANC ""TECHNO"" REF: 9732",1,DZ
1140633577,"TABLIER POUR FEMME ENSEIGNANTE SANS MANCHE TAILLE : 50 BLANC ""TECHNO"" REF: 9731",1,DZ
1140633576,"TABLIER POUR FEMME ENSEIGNANTE SANS MANCHE TAILLE : 48 BLANC ""TECHNO"" REF: 9730",1,DZ
1140633575,"TABLIER POUR FEMME ENSEIGNANTE SANS MANCHE TAILLE : 46 BLANC ""TECHNO"" REF: 9729",1,DZ
1140633574,"TABLIER POUR FEMME ENSEIGNANTE SANS MANCHE TAILLE : 44 BLANC ""TECHNO"" REF: 9728",1,DZ
1140633573,"TABLIER POUR FEMME ENSEIGNANTE SANS MANCHE TAILLE : 42 BLANC ""TECHNO"" REF: 9727",1,DZ
1140633572,"TABLIER POUR FEMME ENSEIGNANTE SANS MANCHE TAILLE : 40 BLANC ""TECHNO"" REF: 9726",1,DZ
1140633571,"TABLIER POUR FEMME ENSEIGNANTE SANS MANCHE TAILLE : 38 BLANC ""TECHNO"" REF: 9725",1,DZ
1140633570,"TABLIER POUR FEMME ENSEIGNANTE SANS MANCHE TAILLE : 36 BLANC ""TECHNO"" REF: 9724",1,DZ
1140634440,"BUCHETTES ET JETONS EDUCATIFS SOUS LICENCE SUPER HERO GIRLS ""TECHNO"" REF: 9396",1,DZ
1140634441,"BUCHETTES ET JETONS EDUCATIFS SOUS LICENCE TOM AND JERRY ""TECHNO"" REF: 9396",1,DZ
1140634442,"BUCHETTES ET JETONS EDUCATIFS SOUS LICENCE LOONEY TUNES""TECHNO"" REF: 9396",1,DZ
1140634443,"BUCHETTES ET JETONS EDUCATIFS SOUS LICENCE SUPER MAN ""TECHNO"" REF: 9396",1,DZ
1140634444,"BUCHETTES ET JETONS EDUCATIFS SOUS LICENCE BATMAN ""TECHNO"" REF: 9396",1,DZ
1140634445,"BUCHETTES ET JETONS EDUCATIFS SOUS LICENCE JUSTICE LEAGUE ""TECHNO"" REF: 9396",1,DZ
1140631409,"ARDOISE DOUBLE FACE LIGNÉE BLANCHE/BLANCHE AVEC BROSSE ET MARQUEUR ""TECHNO"" REF: 9658",1,DZ
1140631408,"ARDOISE DOUBLE FACE LIGNÉE BLANCHE/NOIRE ""TECHNO"" REF: 9657",1,DZ
1140634385,"TABLIER SCOLAIRE FILLE BLANC ""TECHNO""",1,DZ
1140634386,"TABLIER SCOLAIRE GARÇON BLANC ""TECHNO""",1,DZ
1140634387,"TABLIER SCOLAIRE FILLE ROSE ""TECHNO""",1,DZ
1140634388,"TABLIER SCOLAIRE GARÇON BLEU ""TECHNO""",1,DZ
1140634389,"TABLIER CRECHE FILLE ROSE ""TECHNO""",1,DZ
1140634390,"TABLIER CRECHE GARÇON BLEU ""TECHNO""",1,DZ
1140634391,"TABLIER POUR FEMME ENSEIGNANTE AVEC MANCHE BLANC ""TECHNO""",1,DZ
1140634392,"TABLIER POUR FEMME ENSEIGNANTE SANS MANCHE BLANC ""TECHNO""",1,DZ
1140637447,"ARDOISE DOUBLE FACES LICENCE LOONEY TUNES BLANCHE/NOIRE ""TECHNO"" REF: 9218",1,DZ
1140637448,"ARDOISE DOUBLE FACES LICENCE SUPER HERO GIRLS BLANCHE/NOIRE ""TECHNO"" REF: 9218",1,DZ
1140637449,"ARDOISE DOUBLE FACES LICENCE TROLLS BLANCHE/NOIRE ""TECHNO"" REF: 9218",1,DZ
1140637450,"ARDOISE DOUBLE FACES LICENCE SUPERMAN BLANCHE/NOIRE ""TECHNO"" REF: 9218",1,DZ
1140637451,"ARDOISE DOUBLE FACES LICENCE BATMAN BLANCHE/NOIRE ""TECHNO"" REF: 9218",1,DZ
1140637452,"ARDOISE DOUBLE FACES LICENCE THE FLASH BLANCHE/NOIRE ""TECHNO"" REF: 9218",1,DZ
1140637453,"ARDOISE DOUBLE FACES LICENCE TOM AND JERRY BLANCHE/NOIRE ""TECHNO"" REF: 9218",1,DZ
1140637454,"ARDOISE DOUBLE FACES LICENCE MINIONS BLANCHE/NOIRE ""TECHNO"" REF: 9218",1,DZ
1140637455,"ARDOISE DOUBLE FACES LICENCE JUSTICE LEAGUE BLANCHE/NOIRE ""TECHNO"" REF: 9218",1,DZ
1140637456,"CARNET SPIRALE 96P 9 x 14 cm 5x5 mm 70g LICENCE LOONEY TUNES ""TECHNO"" REF: 9558",1,DZ
1140637459,"CARNET SPIRALE 96P 9 x 14 cm 5x5 mm 70g LICENCE SUPER HERO GIRLS ""TECHNO"" REF: 9558",1,DZ
1140637460,"CARNET SPIRALE 96P 9 x 14 cm 5x5 mm 70g LICENCE TROLLS ""TECHNO"" REF: 9558",1,DZ
1140637461,"CARNET SPIRALE 96P 9 x 14 cm 5x5 mm 70g LICENCE SUPERMAN ""TECHNO"" REF: 9558",1,DZ
1140637462,"CARNET SPIRALE 96P 9 x 14 cm 5x5 mm 70g LICENCE BATMAN ""TECHNO"" REF: 9558",1,DZ
1140637463,"CARNET SPIRALE 96P 9 x 14 cm 5x5 mm 70g LICENCE THE FLASH ""TECHNO"" REF: 9558",1,DZ
1140637464,"CARNET SPIRALE 96P 9 x 14 cm 5x5 mm 70g LICENCE TOM AND JERRY ""TECHNO"" REF: 9558",1,DZ
1140637465,"CARNET SPIRALE 96P 9 x 14 cm 5x5 mm 70g LICENCE MINIONS ""TECHNO"" REF: 9558",1,DZ
1140637466,"CARNET SPIRALE 96P 9 x 14 cm 5x5 mm 70g LICENCE WONDER WOMAN ""TECHNO"" REF: 9558",1,DZ
1140637467,"CARNET SPIRALE 96P 9 x 14 cm 5x5 mm 70g LICENCE FRIENDS ""TECHNO"" REF: 9558",1,DZ
1140637468,"CARNET SPIRALE 96P 9 x 14 cm 5x5 mm 70g LICENCE HARRY POTTER ""TECHNO"" REF: 9558",1,DZ
1140637469,"CARNET SPIRALE 96P 9 x 14 cm 5x5 mm 70g LICENCE SUPER GREEN ""TECHNO"" REF: 9558",1,DZ
1140637470,"CARNET SPIRALE SIMPLE COUVERT ROSE 96P 9 x 14 cm 5x5 mm 70g ""TECHNO"" REF: 9557",1,DZ
1140637471,"CARNET SPIRALE SIMPLE COUVERT BLEU 96P 9 x 14 cm 5x5 mm 70g ""TECHNO"" REF: 9557",1,DZ
1140637472,"CARNET SPIRALE SIMPLE COUVERT VERT 96P 9 x 14 cm 5x5 mm 70g ""TECHNO"" REF: 9557",1,DZ
1140637473,"CARNET SPIRALE SIMPLE COUVERT ORANGE 96P 9 x 14 cm 5x5 mm 70g ""TECHNO"" REF: 9557",1,DZ
1140637474,"CARNET SPIRALE SIMPLE COUVERT ROUGE 96P 9 x 14 cm 5x5 mm 70g ""TECHNO"" REF: 9557",1,DZ
1140637475,"CARNET SPIRALE SIMPLE COUVERT VIOLET 96P 9 x 14 cm 5x5 mm 70g ""TECHNO"" REF: 9557",1,DZ
1140637476,"CARNET SPIRALE SIMPLE COUVERT BLEU VERT 96P 9 x 14 cm 5x5 mm 70g ""TECHNO"" REF: 9557",1,DZ
1140637477,"CARNET SPIRALE SIMPLE COUVERT GRIS 96P 9 x 14 cm 5x5 mm 70g ""TECHNO"" REF: 9557",1,DZ
1140621837,"NOTE BOOK RELIURE INTEGRALE 288P A4 SEYES 70g ""TECHNO"" REF: 9555",1,DZ
1140621832,"NOTE BOOK RELIURE INTEGRALE 300P A4 5x5 mm 70g ""TECHNO"" REF: 9553",1,DZ
1140621830,"NOTE BOOK RELIURE INTEGRALE 200 P A4 5x5 mm 70g ""TECHNO"" REF: 9552",1,DZ
1140634590,"CORBEILLE A COURRIERS EN PLASTIQUE ORANGE FLUO ""TECHNO"" REF: 9776",1,DZ
1140634589,"CORBEILLE A COURRIERS EN PLASTIQUE VIOLET FLUO ""TECHNO"" REF: 9775",1,DZ
1140634588,"CORBEILLE A COURRIERS EN PLASTIQUE VERT FLUO ""TECHNO"" REF: 9774",1,DZ
1140634587,"CORBEILLE A COURRIERS EN PLASTIQUE VIOLET PASTEL ""TECHNO"" REF: 9773",1,DZ
1140634586,"CORBEILLE A COURRIERS EN PLASTIQUE SAUMON PASTEL ""TECHNO"" REF: 9772",1,DZ
1140634585,"CORBEILLE A COURRIERS EN PLASTIQUE CREVETTE PASTEL ""TECHNO"" REF: 9771",1,DZ
1140634584,"CORBEILLE A COURRIERS EN PLASTIQUE JAUNE PASTEL ""TECHNO"" REF: 9770",1,DZ
1140634583,"CORBEILLE A COURRIERS EN PLASTIQUE VERT PASTEL ""TECHNO"" REF: 9769",1,DZ
1140634582,"CORBEILLE A COURRIERS EN PLASTIQUE BLEU PASTEL ""TECHNO"" REF: 9768",1,DZ
1140634581,"CORBEILLE A COURRIERS EN PLASTIQUE VERT ""TECHNO"" REF: 9767",1,DZ
1140634580,"CORBEILLE A COURRIERS EN PLASTIQUE ROUGE ""TECHNO"" REF: 9766",1,DZ
1140634579,"CORBEILLE A COURRIERS EN PLASTIQUE TRANSPARENT ""TECHNO"" REF: 9765",1,DZ
1140634578,"CORBEILLE A COURRIERS EN PLASTIQUE NOIR ""TECHNO"" REF: 9764",1,DZ
1140634577,"CORBEILLE A COURRIERS EN PLASTIQUE JAUNE ""TECHNO"" REF: 9763",1,DZ
1140634576,"CORBEILLE A COURRIERS EN PLASTIQUE GRIS ""TECHNO"" REF: 9762",1,DZ
1140634575,"CORBEILLE A COURRIERS EN PLASTIQUE BLEU ""TECHNO"" REF: 9761",1,DZ
1140634574,"CORBEILLE A COURRIERS EN PLASTIQUE BLANC ""TECHNO"" REF: 9760",1,DZ
1140633798,"INTERCALAIRE EN PAPIER DE 12 POSITIONS ""TECHNO"" REF: 9476",1,DZ
1140633797,"INTERCALAIRE EN PAPIER DE 06 POSITIONS ""TECHNO"" REF: 9475",1,DZ
1140633298,"PAPIER COUCHE BLANC A4 BRILLANT 300g 50F ""TECHNO"" REF: 9567",1,DZ
1140633297,"PAPIER COUCHE BLANC A4 BRILLANT 250g 50F ""TECHNO"" REF: 9566",1,DZ
1140633296,"PAPIER COUCHE BLANC A4 BRILLANT 150g 50F ""TECHNO"" REF: 9565",1,DZ
1140633295,"PAPIER COUCHE BLANC A4 BRILLANT 115g 50F ""TECHNO"" REF: 9564",1,DZ
1140633294,"PAPIER COUCHE BLANC A4 BRILLANT 90g 50F ""TECHNO"" REF: 9575",1,DZ
1140633293,"PORTE REVUES ORANGE FLUO ""TECHNO"" REF: 9705",1,DZ
1140633292,"PORTE REVUES VIOLET FLUO ""TECHNO"" REF: 9704",1,DZ
1140633291,"PORTE REVUES VERT FLUO ""TECHNO"" REF: 9703",1,DZ
1140633290,"PORTE REVUES VIOLET PASTEL ""TECHNO"" REF: 9702",1,DZ
1140633287,"PORTE REVUES JAUNE PASTEL ""TECHNO"" REF: 9699",1,DZ
1140633286,"PORTE REVUES VERT PASTEL ""TECHNO"" REF: 9698",1,DZ
1140633285,"PORTE REVUES BLEU PASTEL ""TECHNO"" REF: 9697",1,DZ
1140633284,"PORTE REVUES VERT ""TECHNO"" REF: 9696",1,DZ
1140633283,"PORTE REVUES ROUGE ""TECHNO"" REF: 9695",1,DZ
1140633282,"PORTE REVUES TRANSPARENT ""TECHNO"" REF: 9694",1,DZ
1140633281,"PORTE REVUES NOIR ""TECHNO"" REF: 9693",1,DZ
1140633280,"PORTE REVUES JAUNE ""TECHNO"" REF: 9692",1,DZ
1140633279,"PORTE REVUES GRIS ""TECHNO"" REF: 9691",1,DZ
1140633278,"PORTE REVUES BLEU ""TECHNO"" REF: 9690",1,DZ

Total products in 'Made in Algeria' category: 293

Additional products with 'Algeria' in country of manufacture (outside category):
SKU,Name,Status,Country of Manufacture

Additional products with 'Algérie' in country of manufacture (outside category):
SKU,Name,Status,Country of Manufacture

Total additional products: 0
Overall total: 293
