Exporting products updated on November 16th, 2025...
Found 862 products updated on November 16, 2025.
SKU,Name,Status,StatusText
"1140619106","PINCEAU AQUARELLE 194-2 N° 2 "VAN GOGH" REF: 90919402",2,Disabled
"2296311","TOILE SUR CHASSIS 280g EN COTON 40cmx120cm "TECHNO" REF: 3809",2,Disabled
"1530","PORTE CARTES PASTEL A6 80 POCHETTE POLYPROPILINE OPAQUE BLEU GRIS "ELBA" REF: 400091628",2,Disabled
"1531","PORTE CARTES PASTEL A6 80 POCHETTE POLYPROPILINE OPAQUE GRIS VIOLINE "ELBA" REF: 400091628",2,Disabled
"1532","PORTE CARTES PASTEL A6 80 POCHETTE POLYPROPILINE OPAQUE ROSE BLUSH "ELBA" REF: 400091628",2,Disabled
"1547","TRIEUR DOCUMENT PASTEL DL 08 COMPARTIMENTS EXTENSIBLE POLYPROPILINE OPAQUE GRIS VIOLINE "ELBA" REF: 400091660",2,Disabled
"1714","CLASSEUR A 4 ANNEAUX MEMPHIS A4 DOS 40mm POLYPROPILINE OPAQUE NOIR "ELBA" REF: 100201599",2,Disabled
"1715","CLASSEUR A 4 ANNEAUX MEMPHIS A4 DOS 40mm POLYPROPILINE OPAQUE BLEU "ELBA" REF: 100201599",2,Disabled
"1716","CLASSEUR A 4 ANNEAUX MEMPHIS A4 DOS 40mm POLYPROPILINE OPAQUE ROUGE "ELBA" REF: 100201599",2,Disabled
"1717","CLASSEUR A 4 ANNEAUX MEMPHIS A4 DOS 40mm POLYPROPILINE OPAQUE VERT "ELBA" REF: 100201599",2,Disabled
"107678001","HUILE ESSENTIELLE DE PETROLE FLACON DE 75ml "PEBEO" REF: 650305",2,Disabled
"1140624562","TROUSSE REMPLIE GRATUITE DE 2 COMPARTIMENTS GARÇON "TIGER" REF: GT20000-G",2,Disabled
"1140624561","TROUSSE REMPLIE GRATUITE DE 2 COMPARTIMENTS FILLE "TIGER" REF: GT20000-F",2,Disabled
"1140623843","TABLIER COLORIAGE GRATUITÉ FILLE "TIGER" REF: GT19010-F",2,Disabled
"1140623842","TABLIER COLORIAGE GRATUITÉ GARÇON "TIGER" REF: GT19010-G",2,Disabled
"1140628682","TROUSSE VIDE GRATUITE FILLE "TIGER FAMILY" REF: PPR-1",2,Disabled
"1140628683","TROUSSE VIDE GRATUITE GARÇON "TIGER FAMILY" REF: PPR-1",2,Disabled
"1140612410","CLASSEUR A 4 ANNEAUX MEMPHIS A4 DOS 40mm POLYPROPILINE OPAQUE "ELBA" REF: 100201599",2,Disabled
"111826595","PORTE MINES 0.5 MM CORPS ROSE LONG LIFE "MAPED" REF: 564036",2,Disabled
"1140625938","TOILE SUR CHASSIS 280g EN COTON 120 x120cm "TECHNO" REF: 5481",2,Disabled
"1140625935","TOILE SUR CHASSIS 280g EN COTON 20 x20cm "TECHNO" REF: 5478",2,Disabled
"1140625929","TOILE SUR CHASSIS 280 g EN COTON 90 x 147cm "TECHNO" REF: 5472",2,Disabled
"1140625927","TOILE SUR CHASSIS 280g EN COTON 100 x 200cm "TECHNO" REF: 5470",2,Disabled
"111824408","PAPIER MOUSSE PAILETTE PAQUET DE 05 COUL 20X29CM "FOLIA" REF: 213919",2,Disabled
"1062309","ALBUM CROQUIS 1557 A GRAIN ADOUCI 50F A4 21x29.7 120g "CANSON" REF: 4127-418 5242 31412A001",2,Disabled
"1140602606","ALBUM A DESSIN AQUARELLE 20FL XL A5 300g GRAIN FIN "CANSON" REF: 400082843",2,Disabled
"1140602630","ALBUM RECYCLE 25FL XL A5 160G "CANSON" REF: 200001871",2,Disabled
"1140602608","ALBUM EXTRA BLANC XL CROQUIS 60 FL A5 90G "CANSON" REF: 200001869",2,Disabled
"1140632144","ALBUM CROQUIS 1557 A GRAIN FIN ADOUCI 50F 120g "CANSON"",2,Disabled
"1140632145","ALBUM A DESSIN AQUARELLE XL 300g GRAIN FIN "CANSON"",2,Disabled
"1140632146","ALBUM CROQUIS XL ALBUM 90g "CANSON"",2,Disabled
"1140632148","BLOC A DESSIN 1557 A GRAIN FIN ADOUCI 180g "CANSON"",2,Disabled
"1140632155","PROTEGE DOCUMENTS STAND UP A4 DE 50 POCHETTES POLYPROPYLENE OPAQUE VERT "ELBA" REF: 400050111",2,Disabled
"1140632156","PROTEGE DOCUMENTS STAND UP A4 DE 50 POCHETTES POLYPROPYLENE OPAQUE ORANGE "ELBA" REF: 400050111",2,Disabled
"1140632157","PROTEGE DOCUMENTS STAND UP A4 DE 50 POCHETTES POLYPROPYLENE OPAQUE ROSE BLUSH "ELBA" REF: 400050111",2,Disabled
"1140632158","PROTEGE DOCUMENTS STAND UP A4 DE 50 POCHETTES POLYPROPYLENE OPAQUE BLUE TURQUOIESE "ELBA" REF: 400050111",2,Disabled
"1140632159","PROTEGE DOCUMENTS STAND UP A4 DE 50 POCHETTES POLYPROPYLENE OPAQUE BLUE "ELBA" REF: 400050111",2,Disabled
"1140632165","CHEMISE A RABAT SCHOOL LIFE A6 POLYPROPYLENE TRANSLUSIDE ORANGE "ELBA" REF: 400006520",2,Disabled
"1140632166","CHEMISE A RABAT SCHOOL LIFE A6 POLYPROPYLENE TRANSLUSIDE VERT "ELBA" REF: 400006520",2,Disabled
"1140632167","CHEMISE A RABAT SCHOOL LIFE A6 POLYPROPYLENE TRANSLUSIDE ROSE "ELBA" REF: 400006520",2,Disabled
"1140632169","BOITE DE CLASSEMENT SCHOOL LIFE 24X32 DOS 25mm POLYPROPYLENE VIOLET "OXFORD" REF: 400006525",2,Disabled
"1140632170","BOITE DE CLASSEMENT SCHOOL LIFE 24X32 DOS 25mm POLYPROPYLENE VERT "OXFORD" REF: 400006526",2,Disabled
"1140632171","BOITE DE CLASSEMENT SCHOOL LIFE 24X32 DOS 25mm POLYPROPYLENE ROSE BLUSH "OXFORD" REF: 400006527",2,Disabled
"1140632172","BOITE DE CLASSEMENT SCHOOL LIFE 24X32 DOS 25mm POLYPROPYLENE ORANGE "OXFORD" REF: 400006528",2,Disabled
"1140632173","BOITE DE CLASSEMENT SCHOOL LIFE 24X32 DOS 25mm POLYPROPYLENE BLEU TURQUOIESE "OXFORD" REF: 400006529",2,Disabled
"1140632174","CLASSEUR A LEVIER SMART PRO A4 DOS 80MM 2 ANNEAUX POLYPROPYLENE BLEU "OXFORD" REF: 400128656",2,Disabled
"1140632175","CLASSEUR A LEVIER SMART PRO A4 DOS 80MM 2 ANNEAUX POLYPROPYLENE JAUNE "OXFORD" REF: 400128656",2,Disabled
"1140632176","CLASSEUR A LEVIER SMART PRO A4 DOS 80MM 2 ANNEAUX POLYPROPYLENE VERT "OXFORD" REF: 400128656",2,Disabled
"1140632177","CLASSEUR A LEVIER SMART PRO A4 DOS 80MM 2 ANNEAUX POLYPROPYLENE GRIS "OXFORD" REF: 400128656",2,Disabled
"1140632178","CLASSEUR A LEVIER SMART PRO A4 DOS 80MM 2 ANNEAUX POLYPROPYLENE ROUGE "OXFORD" REF: 400128656",2,Disabled
"1140632179","CLASSEUR A LEVIER SMART PRO A4 DOS 80MM 2 ANNEAUX POLYPROPYLENE BLANC "OXFORD" REF: 400128656",2,Disabled
"1140632180","CLASSEUR A LEVIER SMART PRO A4 DOS 80MM 2 ANNEAUX POLYPROPYLENE NOIR "OXFORD" REF: 400128656",2,Disabled
"1140632197","CLASSEUR 4 ANNEAUX A4+ DOS 40MM REMBORDE CARTE TOUCH VERT TURQUOISE "OXFORD" REF: 400084078",2,Disabled
"1140632198","CLASSEUR 4 ANNEAUX A4+ DOS 40MM REMBORDE CARTE TOUCH BLEU TURQUOISE "OXFORD" REF: 400084079",2,Disabled
"1140632199","CLASSEUR 4 ANNEAUX A4+ DOS 40MM REMBORDE CARTE TOUCH ROSE "OXFORD" REF: 400084080",2,Disabled
"1140632200","PROTEGE DOCUMENTS ART A4 DE 30 POCHETTES AMOVIBLE FLEX + INT POLYPROPYLENE OPAQUE NOIR "ELBA" REF: 400074751",2,Disabled
"1140632201","PROTEGE DOCUMENTS ART A4 DE 30 POCHETTES AMOVIBLE FLEX + INT POLYPROPYLENE OPAQUE BLANC "ELBA" REF: 400074751",2,Disabled
"1140632202","PROTEGE DOCUMENTS ART A4 DE 30 POCHETTES AMOVIBLE FLEX + INT POLYPROPYLENE OPAQUE ORANGE "ELBA" REF: 400074751",2,Disabled
"1140632203","PROTEGE DOCUMENTS ART A4 DE 30 POCHETTES AMOVIBLE FLEX + INT POLYPROPYLENE OPAQUE ROSE "ELBA" REF: 400074751",2,Disabled
"1140632204","PROTEGE DOCUMENTS ART A4 DE 30 POCHETTES AMOVIBLE FLEX + INT POLYPROPYLENE OPAQUE BLEU "ELBA" REF: 400074751",2,Disabled
"1140632205","PROTEGE DOCUMENTS ART A4 DE 30 POCHETTES AMOVIBLE FLEX + INT POLYPROPYLENE OPAQUE VERT "ELBA" REF: 400074751",2,Disabled
"1140632214","PROTEGE DOCUMENTS STUDENTS A4 100 POCHETTES POLYPROPYLENE OPAQUE ORANGE "ELBA" REF: 400008901",2,Disabled
"1140632215","PROTEGE DOCUMENTS STUDENTS A4 100 POCHETTES POLYPROPYLENE OPAQUE BLEU "ELBA" REF: 400008901",2,Disabled
"1140632216","PROTEGE DOCUMENTS STUDENTS A4 100 POCHETTES POLYPROPYLENE OPAQUE ROSE "ELBA" REF: 400008901",2,Disabled
"1140632217","PROTEGE DOCUMENTS ART A4 80 POCHETTES POLYPROPYLENE OPAQUE NOIR "ELBA" REF: 400074725",2,Disabled
"1140632218","PROTEGE DOCUMENTS ART A4 80 POCHETTES POLYPROPYLENE OPAQUE BLANC "ELBA" REF: 400074725",2,Disabled
"1140632219","PROTEGE DOCUMENTS ART A4 80 POCHETTES POLYPROPYLENE OPAQUE ORANGE "ELBA" REF: 400074725",2,Disabled
"1140632220","PROTEGE DOCUMENTS ART A4 80 POCHETTES POLYPROPYLENE OPAQUE BLEU "ELBA" REF: 400074725",2,Disabled
"1140632221","PROTEGE DOCUMENTS ART A4 80 POCHETTES POLYPROPYLENE OPAQUE VERT "ELBA" REF: 400074725",2,Disabled
"1140632222","PROTEGE DOCUMENTS ART A4 80 POCHETTES POLYPROPYLENE OPAQUE ROSE "ELBA" REF: 400074725",2,Disabled
"1140612378","CHEMISE A RABAT ELASTIQUE SANS MARQUE A4 POLYPROPYLENE OPAQUE VERT "ELBA" REF: 100201170",2,Disabled
"1140612377","CHEMISE A RABAT ELASTIQUE SANS MARQUE A4 POLYPROPYLENE OPAQUE ROUGE "ELBA" REF: 100201169",2,Disabled
"1140612376","CHEMISE A RABAT ELASTIQUE SANS MARQUE A4 POLYPROPYLENE OPAQUE NOIR "ELBA" REF: 100201168",2,Disabled
"1140612375","CHEMISE A RABAT ELASTIQUE SANS MARQUE A4 POLYPROPYLENE OPAQUE BLEU "ELBA" REF: 100201166",2,Disabled
"1140632223","PROTEGE DOCUMENTS STUDENTS 60 POCHETTES POLYPROPYLENE OPAQUE ROSE "ELBA" REF: 400008900",2,Disabled
"1140632224","PROTEGE DOCUMENTS STUDENTS 60 POCHETTES POLYPROPYLENE OPAQUE BLEU "ELBA" REF: 400008900",2,Disabled
"1140632225","PROTEGE DOCUMENTS STUDENTS 60 POCHETTES POLYPROPYLENE OPAQUE ORANGE "ELBA" REF: 400008900",2,Disabled
"1140632226","PROTEGE DOCUMENTS POLYVISION A4 40P POLYPROPYLENE OPAQUE NOIR "ELBA" REF: 100206234",2,Disabled
"1140632227","PROTEGE DOCUMENTS POLYVISION A4 40P POLYPROPYLENE OPAQUE BLANC "ELBA" REF: 100206234",2,Disabled
"1140632228","PROTEGE DOCUMENTS POLYVISION A4 40P POLYPROPYLENE OPAQUE BLEU TURQUOISE "ELBA" REF: 100206234",2,Disabled
"1140632229","PROTEGE DOCUMENTS POLYVISION A4 40P POLYPROPYLENE OPAQUE ROSE BLUSH "ELBA" REF: 100206234",2,Disabled
"1140632230","BOITE DE CLASSEMENT POLYVISION 24X32 D40 POLYPROPYLENE TRANSLUSIDE BLEU "ELBA" REF: 100200136",2,Disabled
"1140632231","BOITE DE CLASSEMENT POLYVISION 24X32 D40 POLYPROPYLENE TRANSLUSIDE VERT "ELBA" REF: 100200136",2,Disabled
"1140632232","BOITE DE CLASSEMENT POLYVISION 24X32 D40 POLYPROPYLENE TRANSLUSIDE VIOLET "ELBA" REF: 100200136",2,Disabled
"1140632233","BOITE DE CLASSEMENT POLYVISION 24X32 D40 POLYPROPYLENE TRANSLUSIDE ROUGE "ELBA" REF: 100200136",2,Disabled
"1140632234","BOITE DE CLASSEMENT POLYVISION 24X32 D40 POLYPROPYLENE TRANSLUSIDE BLANC "ELBA" REF: 100200136",2,Disabled
"1140632235","CLASSEUR A 4 ANNEAUX POLYVISION A4 DOS 20mm ROND POLYPROPYLENE TRANSLUSIDE VIOLET "OXFORD" REF:100211066",2,Disabled
"1140632236","CLASSEUR A 4 ANNEAUX POLYVISION A4 DOS 20mm ROND POLYPROPYLENE TRANSLUSIDE UNICOLOR "OXFORD" REF:100211066",2,Disabled
"1140632237","CLASSEUR A 4 ANNEAUX POLYVISION A4 DOS 20mm ROND POLYPROPYLENE TRANSLUSIDE ROUGE "OXFORD" REF:100211066",2,Disabled
"1140632238","CLASSEUR A 4 ANNEAUX POLYVISION A4 DOS 20mm ROND POLYPROPYLENE TRANSLUSIDE BLEU "OXFORD" REF:100211066",2,Disabled
"1140632239","CLASSEUR A 4 ANNEAUX POLYVISION A4 DOS 20mm ROND POLYPROPYLENE TRANSLUSIDE VERT "OXFORD" REF:100211066",2,Disabled
"1140632240","PROTEGE DOCUMENTS POLYVISION A4 100 POCHETTES POLYPROPYLENE TRANSLUSIDE VIOLET "ELBA" REF: 100211079",2,Disabled
"1140632241","PROTEGE DOCUMENTS POLYVISION A4 100 POCHETTES POLYPROPYLENE TRANSLUSIDE ROUGE "ELBA" REF: 100211079",2,Disabled
"1140632242","PROTEGE DOCUMENTS POLYVISION A4 100 POCHETTES POLYPROPYLENE TRANSLUSIDE VERT "ELBA" REF: 100211079",2,Disabled
"1140632243","PROTEGE DOCUMENTS POLYVISION A4 100 POCHETTES POLYPROPYLENE TRANSLUSIDE BLANC "ELBA" REF: 100211079",2,Disabled
"1140632244","PROTEGE DOCUMENTS POLYVISION A4 100 POCHETTES POLYPROPYLENE TRANSLUSIDE BLEU "ELBA" REF: 100211079",2,Disabled
"1140632245","PROTEGE DOCUMENTS POLYVISION A4 80 POCHETTES POLYPROPYLENE TRANSLUSIDE VIOLET "ELBA" REF: 100211078",2,Disabled
"1140632246","PROTEGE DOCUMENTS POLYVISION A4 80 POCHETTES POLYPROPYLENE TRANSLUSIDE ROUGE "ELBA" REF: 100211078",2,Disabled
"1140632247","PROTEGE DOCUMENTS POLYVISION A4 80 POCHETTES POLYPROPYLENE TRANSLUSIDE VERT "ELBA" REF: 100211078",2,Disabled
"1140632248","PROTEGE DOCUMENTS POLYVISION A4 80 POCHETTES POLYPROPYLENE TRANSLUSIDE BLANC "ELBA" REF: 100211078",2,Disabled
"1140632249","PROTEGE DOCUMENTS POLYVISION A4 80 POCHETTES POLYPROPYLENE TRANSLUSIDE BLEU "ELBA" REF: 100211078",2,Disabled
"1140632250","CLASSEUR A4 A LEVIER STUDENTS D50 POLYPROPYLENE OPAQUE BLEU "ELBA" REF: 100023647",2,Disabled
"1140632251","CLASSEUR A4 A LEVIER STUDENTS D50 POLYPROPYLENE OPAQUE ORANGE "ELBA" REF: 100023647",2,Disabled
"1140632252","CHEMISE A RABAT ELASTIQUE STUDENTS A4 POLYPROPYLENE OPAQUE ROSE "ELBA" REF: 400018512",2,Disabled
"1140632253","CHEMISE A RABAT ELASTIQUE STUDENTS A4 POLYPROPYLENE OPAQUE BLEU "ELBA" REF: 400018512",2,Disabled
"1140632254","CHEMISE A RABAT ELASTIQUE STUDENTS A4 POLYPROPYLENE OPAQUE ORANGE "ELBA" REF: 400018512",2,Disabled
"1140632255","CLASSEUR A4 04 ANNEAUX STUDENTS DOS 30 POLYPROPYLENE OPAQUE ROSE "ELBA" REF: 400036782",2,Disabled
"1140632256","CLASSEUR A4 04 ANNEAUX STUDENTS DOS 30 POLYPROPYLENE OPAQUE ORANGE "ELBA" REF: 400036782",2,Disabled
"1140632257","CLASSEUR A4 04 ANNEAUX STUDENTS DOS 30 POLYPROPYLENE OPAQUE BLEU "ELBA" REF: 400036782",2,Disabled
"1140632258","BOITE DE CLASSEMENT SCHOOL LIFE 24X32 DOS 40 POLYPROPYLENE TRANSLUSIDE VERT "ELBA" REF: 400006525",2,Disabled
"1140632259","BOITE DE CLASSEMENT SCHOOL LIFE 24X32 DOS 40 POLYPROPYLENE TRANSLUSIDE ROUGE "ELBA" REF: 400006525",2,Disabled
"1140632260","BOITE DE CLASSEMENT SCHOOL LIFE 24X32 DOS 40 POLYPROPYLENE TRANSLUSIDE ORANGE "ELBA" REF: 400006525",2,Disabled
"1140632261","BOITE DE CLASSEMENT SCHOOL LIFE 24X32 DOS 40 POLYPROPYLENE TRANSLUSIDE BLEU "ELBA" REF: 400006525",2,Disabled
"1140632262","BOITE DE CLASSEMENT SCHOOL LIFE 24X32 DOS 40 POLYPROPYLENE TRANSLUSIDE VIOLET "ELBA" REF: 400006525",2,Disabled
"1140632263","CHEMISE A RABAT SCHOOL LIFE A4 POLYPROPYLENE OPAQUE ROUGE "ELBA" REF: 400006522",2,Disabled
"1140632264","CHEMISE A RABAT SCHOLE LIFE A4 POLYPROPYLENE OPAQUE VERT "ELBA" REF: 400006522",2,Disabled
"1140632265","CHEMISE A RABAT SCHOOL LIFE E A4 POLYPROPYLENE OPAQUE BLEU "ELBA" REF: 400006522",2,Disabled
"1140632266","CHEMISE A RABAT SCHOOL LIFE A4 POLYPROPYLENE OPAQUE JAUNE "ELBA" REF: 400006522",2,Disabled
"1140632267","CHEMISE A RABAT SCHOOL LIFE A4 POLYPROPYLENE TRANSLUSIDE VERT "ELBA" REF: 400006522",2,Disabled
"1140632268","CHEMISE A RABAT SCHOOL LIFE A4 POLYPROPYLENE TRANSLUSIDE BLEU "ELBA" REF: 400006522",2,Disabled
"1140632269","CHEMISE A RABAT SCHOOL LIFE A4 POLYPROPYLENE TRANSLUSIDE VIOLET "ELBA" REF: 400006522",2,Disabled
"1140632270","CHEMISE A RABAT SCHOOL LIFE A4 POLYPROPYLENE TRANSLUSIDE ROUGE "ELBA" REF: 400006522",2,Disabled
"1140632271","CHEMISE A RABAT SCHOOL LIFE A4 POLYPROPYLENE TRANSLUSIDE ORANGE "ELBA" REF: 400006522",2,Disabled
"1140632272","CLASSEUR A4 A LEVIER SCHOLE LIFE DOS 60 ERGO POLYPROPYLENE TRANSLUSIDE VERT "ELBA" REF: 400014999",2,Disabled
"1140632273","CLASSEUR A4 A LEVIER SCHOLE LIFE DOS 60 ERGO POLYPROPYLENE TRANSLUSIDE ORANGE "ELBA" REF: 400014999",2,Disabled
"1140632274","CLASSEUR A4 A LEVIER SCHOOL LIFE DOS 60 ERGO POLYPROPYLENE TRANSLUSIDE ROUGE "ELBA" REF: 400014999",2,Disabled
"1140632275","CLASSEUR A4 A LEVIER SCHOOL LIFE DOS 60 ERGO POLYPROPYLENE TRANSLUSIDE BLEU "ELBA" REF: 400014999",2,Disabled
"1140632276","CLASSEUR A4 A LEVIER SCHOOL LIFE DOS 60 ERGO POLYPROPYLENE TRANSLUSIDE VIOLET "ELBA" REF: 400014999",2,Disabled
"1140632277","SUPPORT BLOC NOTE A4 POLYPROPYLENE OPAQUE BLANC "ELBA" REF: 400010144",2,Disabled
"1140632278","SUPPORT BLOC NOTE A4 POLYPROPYLENE OPAQUE GRIS "ELBA" REF: 400010144",2,Disabled
"1140632279","SUPPORT BLOC NOTE A4 POLYPROPYLENE OPAQUE ORANGE "ELBA" REF: 400010144",2,Disabled
"1140632280","CLASSEUR A LEVIER A4 SCHOOL LIFE DOS 90 POLYPROPYLENE TRANSLUSIDE ROSE "ELBA" REF: 100025432",2,Disabled
"1140632281","CLASSEUR A LEVIER A4 SCHOOL LIFE DOS 90 POLYPROPYLENE TRANSLUSIDE ORANGE "ELBA" REF: 100025432",2,Disabled
"1140632282","CLASSEUR A LEVIER A4 SCHOOL LIFE DOS 90 POLYPROPYLENE TRANSLUSIDE VERT ANIS "ELBA" REF: 100025432",2,Disabled
"1140632283","CLASSEUR A LEVIER A4 SCHOOL LIFE DOS 90 POLYPROPYLENE TRANSLUSIDE BLEU TURQUOISE "ELBA" REF: 100025432",2,Disabled
"1140632284","CLASSEUR A LEVIER A4 SCHOOL LIFE DOS 90 POLYPROPYLENE TRANSLUSIDE VIOLET "ELBA" REF: 100025432",2,Disabled
"1140632285","PROTEGE DOCUMENTS STUDENTS 20 POCHETTES POLYPROPYLENE OPAQUE ROSE "ELBA" REF: 400008902",2,Disabled
"1140632286","PROTEGE DOCUMENTS STUDENTS 20 POCHETTES POLYPROPYLENE OPAQUE ORANGE "ELBA" REF: 400008902",2,Disabled
"1140632287","PROTEGE DOCUMENTS STUDENTS 20 POCHETTES POLYPROPYLENE OPAQUE BLEU "ELBA" REF: 400008902",2,Disabled
"1140632288","POCHETTE ENVELOPPE HAWAI A5 POLYPROPYLENE TRANSLUSIDE VERT "ELBA" REF: 400031401",2,Disabled
"1140632289","POCHETTE ENVELOPPE HAWAI A5 POLYPROPYLENE TRANSLUSIDE BLEU "ELBA" REF: 400031401",2,Disabled
"1140632290","POCHETTE ENVELOPPE HAWAI A5 POLYPROPYLENE TRANSLUSIDE ROSE "ELBA" REF: 400031401",2,Disabled
"1140632291","POCHETTE ENVELOPPE HAWAI A5 POLYPROPYLENE TRANSLUSIDE GRIS "ELBA" REF: 400031401",2,Disabled
"1140632292","POCHETTE ENVELOPPE HAWAI A5 POLYPROPYLENE TRANSLUSIDE BLANC "ELBA" REF: 400031401",2,Disabled
"1140632293","POCHETTE ENVELOPPE HAWAI A5 POLYPROPYLENE TRANSLUSIDE VIOLET "ELBA" REF: 400031401",2,Disabled
"1140632294","POCHETTE ENVELOPPE HAWAI A4 POLYPROPYLENE TRANSLUSIDE VERT "ELBA" REF: 400031405",2,Disabled
"1140632295","POCHETTE ENVELOPPE HAWAI A4 POLYPROPYLENE TRANSLUSIDE BLEU "ELBA" REF: 400031405",2,Disabled
"1140632296","POCHETTE ENVELOPPE HAWAI A4 POLYPROPYLENE TRANSLUSIDE ROSE "ELBA" REF: 400031405",2,Disabled
"1140632297","POCHETTE ENVELOPPE HAWAI A4 POLYPROPYLENE TRANSLUSIDE BLANC "ELBA" REF: 400031405",2,Disabled
"1140632298","POCHETTE ENVELOPPE HAWAI A4 POLYPROPYLENE TRANSLUSIDE GRIS "ELBA" REF: 400031405",2,Disabled
"1140632299","POCHETTE ENVELOPPE HAWAI A4 POLYPROPYLENE TRANSLUSIDE VIOLET "ELBA" REF: 400031405",2,Disabled
"1140632300","CLASSEUR 04 ANNEAUX POLYVISION DOS 20MM PERSONNALISABLE VERT "ELBA" REF: 100202273",2,Disabled
"1140632301","CLASSEUR 04 ANNEAUX POLYVISION DOS 20MM PERSONNALISABLE BLEU "ELBA" REF: 100202274",2,Disabled
"1140632302","CLASSEUR 04 ANNEAUX POLYVISION DOS 20MM PERSONNALISABLE ROUGE "ELBA" REF: 100202275",2,Disabled
"1140632303","CLASSEUR 04 ANNEAUX POLYVISION DOS 20MM PERSONNALISABLE VIOLET "ELBA" REF: 100202276",2,Disabled
"1140632304","CLASSEUR 04 ANNEAUX POLYVISION DOS 20MM PERSONNALISABLE BLANC "ELBA" REF: 100202277",2,Disabled
"1140632305","CLASSEUR 04 ANNEAUX SANS MARQUE DOS 20MM POLYPROPYLENE OPAQUE BLEU "ELBA" REF: 100201436",2,Disabled
"1140632306","CLASSEUR 04 ANNEAUX SANS MARQUE DOS 20MM POLYPROPYLENE OPAQUE NOIR "ELBA" REF: 100201436",2,Disabled
"1140632307","CLASSEUR 04 ANNEAUX SANS MARQUE DOS 20MM POLYPROPYLENE OPAQUE ROUGE "ELBA" REF: 100201436",2,Disabled
"1140632308","CLASSEUR 04 ANNEAUX SANS MARQUE DOS 20MM POLYPROPYLENE OPAQUE VERT "ELBA" REF: 100201436",2,Disabled
"1140612411","PROTEGE DOCUMENTS ART A4 60 POCHETTES POLYPROPYLENE OPAQUE "ELBA" REF: 400060107",2,Disabled
"1140621405","BOITE DE CLASSEMENT SCHOOL LIFE 24X32 DOS 25mm POLYPROPYLENE TRANSLUSIDE "OXFORD" REF: 400006524",2,Disabled
"1140621404","CLASSEUR A LEVIER SMART PRO A4 DOS 80MM 2 ANNEAUX POLYPROPYLENE "OXFORD" REF: 400128656",2,Disabled
"1140621402","CLASSEUR 4 ANNEAUX A4+ DOS 40MM REMBORDE CARTE TOUCH "OXFORD" REF: 400084076",2,Disabled
"1140612413","PROTEGE DOCUMENTS STUDENTS A4 100 POCHETTES POLYPROPYLENE OPAQUE "ELBA" REF: 400008901",2,Disabled
"1140633124","CHEMISE A RABAT ELASTIQUE SANS MARQUE A4 POLYPROPYLENE OPAQUE "ELBA" REF: 100201170",2,Disabled
"1140592290","PROTEGE DOCUMENTS STUDENTS 60 POCHETTES POLYPROPYLENE OPAQUE "ELBA" REF: 400008900",2,Disabled
"1140592289","PROTEGE DOCUMENTS POLYVISION A4 40P POLYPROPYLENE OPAQUE "ELBA" REF: 100206234",2,Disabled
"1140592288","BOITE DE CLASSEMENT POLYVISION 24X32 D40 POLYPROPYLENE TRANSLUSIDE "ELBA" REF: 100200136",2,Disabled
"1140592287","CLASSEUR A 4 ANNEAUX POLYVISION A4 DOS 20MM ROND POLYPROPYLENE TRANSLUSIDE "OXFORD" REF:100211066",2,Disabled
"1140592286","PROTEGE DOCUMENTS POLYVISION A4 100 POCHETTES POLYPROPYLENE TRANSLUSIDE "ELBA" REF: 100211079",2,Disabled
"1140592285","PROTEGE DOCUMENTS POLYVISION A4 80 POCHETTES POLYPROPYLENE TRANSLUSIDE "ELBA" REF: 100211078",2,Disabled
"1140592284","CLASSEUR A4 A LEVIER STUDENTS D50 POLYPROPYLENE OPAQUE "ELBA" REF: 100023647",2,Disabled
"1140592283","CHEMISE A RABAT ELASTIQUE STUDENTS A4 POLYPROPYLENE OPAQUE "ELBA" REF: 400018512",2,Disabled
"1140592281","CLASSEUR A4 04 ANNEAUX STUDENTS DOS 30 POLYPROPYLENE OPAQUE "ELBA" REF: 400036782",2,Disabled
"1140592280","BOITE DE CLASSEMENT SCHOOL LIFE 24X32 DOS 40 POLYPROPYLENE TRANSLUSIDE "ELBA" REF: 400006525",2,Disabled
"1140592279","CHEMISE A RABAT SCHOOL LIFE A4 POLYPROPYLENE TRANSLUSIDE "ELBA" REF: 400006522",2,Disabled
"1140592258","CLASSEUR A4 A LEVIER SCHOOL LIFE DOS 60 ERGO POLYPROPYLENE TRANSLUSIDE "ELBA" REF: 400014999",2,Disabled
"111822648","SUPPORT BLOC NOTE A4 POLYPROPYLENE OPAQUE "ELBA" REF: 400010144",2,Disabled
"111822647","CLASSEUR A LEVIER A4 SCHOOL LIFE DOS 90 POLYPROPYLENE TRANSLUSIDE "ELBA" REF: 100025432",2,Disabled
"111822645","PROTEGE DOCUMENTS STUDENTS 20 POCHETTES POLYPROPYLENE OPAQUE "ELBA" REF: 400008902",2,Disabled
"111822635","POCHETTE ENVELOPPE HAWAI A5 POLYPROPYLENE TRANSLUSIDE "ELBA" REF: 400031401",2,Disabled
"111822634","POCHETTE ENVELOPPE HAWAI A4 POLYPROPYLENE TRANSLUSIDE "ELBA" REF: 400031405",2,Disabled
"1858303","CLASSEUR 04 ANNEAUX POLYVISION PERSONNALISABLE D20 "ELBA" REF: 100202273",2,Disabled
"74409","CLASSEUR 04 ANNEAUX SANS MARQUE DOS 20MM POLYPROPYLENE OPAQUE "ELBA" REF: 100201436",2,Disabled
"1140629865","PROTEGE LIVRE 47x52 cm CRISTAL FUME "TECHNO" REF: 5839",2,Disabled
"1140629864","PROTEGE LIVRE 47x52 cm CRISTAL ORANGE "TECHNO" REF: 5838",2,Disabled
"1140629863","PROTEGE LIVRE 47x52 cm CRISTAL MARRON "TECHNO" REF: 5837",2,Disabled
"1140629862","PROTEGE LIVRE 47x52 cm CRISTAL ROSE "TECHNO" REF: 5836",2,Disabled
"1140629861","PROTEGE LIVRE 47x52 cm CRISTAL VIOLET "TECHNO" REF: 5835",2,Disabled
"1140629860","PROTEGE LIVRE 47x52 cm CRISTAL VERT "TECHNO" REF: 5834",2,Disabled
"1140629859","PROTEGE LIVRE 47x52 cm CRISTAL ROUGE "TECHNO" REF: 5833",2,Disabled
"1140629858","PROTEGE LIVRE 47x52 cm CRISTAL JAUNE "TECHNO" REF: 5832",2,Disabled
"1140629857","PROTEGE LIVRE 47x52 cm CRISTAL BLEU "TECHNO" REF: 5831",2,Disabled
"1140629856","PROTEGE LIVRE 47x52 cm CRISTAL TRANSPARENT "TECHNO" REF: 5830",2,Disabled
"1140632794","TAMPON OPÉRATION DE MULTIPLICATION "TECHNO" REF: 4578",2,Disabled
"1140632827","TAMPON ZEBRE "TECHNO" REF: 4576",2,Disabled
"1140632829","TAMPON TORTUE "TECHNO" REF: 4576",2,Disabled
"1140632834","TAMPON SINGE "TECHNO" REF: 4576",2,Disabled
"1140632837","TAMPON VACHE "TECHNO" REF: 4576",2,Disabled
"1140632838","TAMPON TIGRE "TECHNO" REF: 4576",2,Disabled
"1140632842","TAMPON POULPE "TECHNO" REF: 4576",2,Disabled
"1140632850","TROUSSE ECOLIER MOTIF LONDON AVEC ZIP NOIR "TECHNO" REF: 4587",2,Disabled
"1140632851","TROUSSE ECOLIER MOTIF LONDON AVEC ZIP BLEU "TECHNO" REF: 4587",2,Disabled
"1140632852","TROUSSE ECOLIER MOTIF LONDON AVEC ZIP ROUGE "TECHNO" REF: 4587",2,Disabled
"1140632023","PROTEGE LIVRE 47x52 cm CRISTAL "TECHNO"",2,Disabled
"1140608857","CRAYON NOIR LICENSE HB=2 "TECHNO" REF: 4553",2,Disabled
"1140607513","TROUSSE ECOLIER MOTIF LONDON "TECHNO" REF: 4587",2,Disabled
"1140632107","GOMME X-PERT 02 PCS SOUS BLISTER VERT "MAPED" REF: 118312",2,Disabled
"1140632194","MINI STYLO A PLUME VACHE POIVRE BLANC SOUS BLISTER ROUGE "MAPED" REF: 622030",2,Disabled
"1140632121","REGLE PLATE GEOCUSTOM 30CM SOUS BLISTER ORANGE "MAPED" REF: 254530",2,Disabled
"1140632125","REGLE SOUPLE 30cm FLEX SOUS BLISTER VERT "MAPED" REF: 244030",2,Disabled
"461704","STYLO A BILLE DARK ROUGE "MAPED" REF: 225432",2,Disabled
"1131903","STYLO A BILLE FREEWRITER RETRACTABLE NOIR SOFT BALL "MAPED" REF: 225432",2,Disabled
"111826578","STYLO A PLUME SOUS BLISTER PRINCESS "MAPED" REF: 220027",2,Disabled
"111826579","STYLO A PLUME SOUS BLISTER VIKING "MAPED" REF: 220028",2,Disabled
"108856101","TAILLE-CRAYONS GLOBE DE 01 TROU SOUS BLISTER "MAPED" REF: 051110",2,Disabled
"110283501","GOMME X-PERT 02 PCS SOUS BLISTER "MAPED" REF: 118312",2,Disabled
"340503","MINI STYLO A PLUME VACHE POIVRE BLANC SOUS BLISTER "MAPED" REF: 622030",2,Disabled
"1140632126","STYLO 04 COULEURS TWIN TIP SOUS BLISTER "MAPED"",2,Disabled
"1140632130","STYLO A BILLE DARK "MAPED"",2,Disabled
"1140632131","STYLO A PLUME SOUS BLISTER "MAPED"",2,Disabled
"2602508","PAPIER ONDULE VERT 50 x 70 CM "FOLIA" REF: 741145/51",2,Disabled
"2581612","PAPIER ONDULE ARGENTE 50 x 70 CM "FOLIA" REF: 741145/60",2,Disabled
"2581712","PAPIER ONDULE BLANC 50 x 70 CM "FOLIA" REF: 741145/00",2,Disabled
"2581812","PAPIER ONDULE BLEU 50 x 70 CM "FOLIA" REF: 741145/34",2,Disabled
"2581912","PAPIER ONDULE DORE 50 x 70 CM "FOLIA" REF: 741145/65",2,Disabled
"2582012","PAPIER ONDULE GRIS 50 x 70 CM "FOLIA" REF: 741145/80",2,Disabled
"2582112","PAPIER ONDULE JAUNE 50x70 CM "FOLIA" REF: 741145/12",2,Disabled
"2582312","PAPIER ONDULE NOIR 50 x 70 CM "FOLIA" REF: 741145/90",2,Disabled
"2582412","PAPIER ONDULE ORANGE 50 x 70 CM "FOLIA" REF: 741145/40",2,Disabled
"107586401","PEBEO DECO BRILLANT BLEU CLAIR 45 ml "PEBEO" REF: 092013",2,Disabled
"107585601","PEBEO DECO BRILLANT ORANGE 45 ml "PEBEO" REF: 092005",2,Disabled
"107585301","PEBEO DECO BRILLANT SAUMON 45 ml "PEBEO" REF: 092002",2,Disabled
"107586901","PEBEO DECO BRILLANT SIENNE 45 ml "PEBEO" REF: 092018",2,Disabled
"107651201","PEBEO DECO MAT BLEU FONCE 45 ml "PEBEO" REF: 204046",2,Disabled
"107653201","PEBEO DECO MAT CENDRE BLEUE 45 ml "PEBEO" REF: 204067",2,Disabled
"107654001","PEBEO DECO MAT GRIS DE PAYNE 45 ml "PEBEO" REF: 107654001",2,Disabled
"107653601","PEBEO DECO MAT JAUNE NAPLES 45 ml "PEBEO" REF: 204071",2,Disabled
"107651601","PEBEO DECO MAT SAUMON 45 ml "PEBEO" REF: 204050",2,Disabled
"107895401","PRIMACOLOR FLACON 500ml VERT PRINTEMPS "PEBEO" REF: 055145",2,Disabled
"107895101","PRIMACOLOR FLACON 500ml SIENNE NATURLLE "PEBEO" REF: 055141",2,Disabled
"107894601","PRIMACOLOR FLACON DE 500 ml OCRE JAUNE "PEBEO" REF: 055127",2,Disabled
"1140622634","HUILE FINE XL TUBE DE 37 ml AUREOLINE "PEBEO" REF: 937094",2,Disabled
"1140632659","CIRE A PATINER FLACON DE 37 ml "PEBEO"",2,Disabled
"1140632660","FEUILLES EFFET MIROIR 12 FEUILLES "PEBEO"",2,Disabled
"1140632745","PEBEO DECO BRILLANT 45 ml "PEBEO"",2,Disabled
"1140632746","PEBEO DECO MAT 45 ml "PEBEO"",2,Disabled
"1140632926","PRIMACOLOR FLACON 500ml "PEBEO"",2,Disabled
"1140632927","GUTTA A L'EAU NACRE TUBE DE 20 ml "PEBEO"",2,Disabled
"1140599884","CAHIER AGRAFE 240X320 POLYPROPYLENE VERT 70G 192P "CONQUERANT" REF: 400089764",2,Disabled
"1140599883","CAHIER AGRAFE 240X320 POLYPROPYLENE ROUGE 70G 192P "CONQUERANT" REF: 400089765",2,Disabled
"1140599882","CAHIER AGRAFE 240X320 POLYPROPYLENE JAUNE 70G 192P "CONQUERANT" REF: 400089766",2,Disabled
"1140599881","CAHIER AGRAFE 240X320 POLYPROPYLENE BLEU 70G 192P "CONQUERANT" REF: 400089763",2,Disabled
"1140599880","CAHIER AGRAFE 170X220 POLYPROPYLENE TRANSPARENT 90G 140P "CONQUERANT" REF: 400089853",2,Disabled
"1140599769","CAHIER AGRAFE 170X220 POLYPROPYLENE VERT 90G 140P SEYES "CONQUERANT" REF: 400089847",2,Disabled
"1140599768","CAHIER AGRAFE 170X220 POLYPROPYLENE ROUGE 90G 140P SEYES "CONQUERANT" REF: 400089848",2,Disabled
"1140599767","CAHIER AGRAFE 170X220 POLYPROPYLENE JAUNE 90G 140P SEYES "CONQUERANT" REF: 400089852",2,Disabled
"1140599766","CAHIER AGRAFE 170X220 POLYPROPYLENE BLEU 90G 140P SEYES "CONQUERANT" REF: 400089846",2,Disabled
"1140599765","CAHIER AGRAFE 240X320 POLYPROPYLENE TRANSPARENT 90G 140P SEYES "CONQUERANT" REF: 400076048",2,Disabled
"1140599764","CAHIER AGRAFE 240X320 POLYPROPYLENE VERT 90G 140P SEYES "CONQUERANT" REF: 400089826",2,Disabled
"1140599763","CAHIER AGRAFE 240X320 POLYPROPYLENE ROUGE 90G 140P SEYES "CONQUERANT" REF: 400089827",2,Disabled
"1140599762","CAHIER AGRAFE 240X320 POLYPROPYLENE JAUNE 90G 140P SEYES "CONQUERANT" REF: 400089828",2,Disabled
"1140599761","CAHIER AGRAFE 240X320 POLYPROPYLENE BLEU 90G 140P SEYES "CONQUERANT" REF: 400089825",2,Disabled
"1140599760","CAHIER AGRAFE A4 POLYPROPYLENE VERT 70G 192P SEYES "CONQUERANT" REF: 400089768",2,Disabled
"1140599759","CAHIER AGRAFE A4 POLYPROPYLENE ROUGE 70G 192P SEYES "CONQUERANT" REF: 400089769",2,Disabled
"1140599758","CAHIER AGRAFE A4 POLYPROPYLENE JAUNE 70G 192P SEYES "CONQUERANT" REF: 400089820",2,Disabled
"1140599757","CAHIER AGRAFE A4 POLYPROPYLENE BLEU 70G 192P SEYES "CONQUERANT" REF: 400089767",2,Disabled
"1140599756","CAHIER AGRAFE 170X220 POLYPROPYLENE VERT 70G 192P "CONQUERANT" REF: 400089822",2,Disabled
"1140599755","CAHIER AGRAFE 170X220 POLYPROPYLENE ROUGE 70G 192P "CONQUERANT" REF: 400089823",2,Disabled
"1140599754","CAHIER AGRAFE 170X220 POLYPROPYLENE JAUNE 70G 192P "CONQUERANT" REF: 400089824",2,Disabled
"1140599753","CAHIER AGRAFE 170X220 POLYPROPYLENE BLEU 70G 192P "CONQUERANT" REF: 400089821",2,Disabled
"1140633217","CAHIER BROCHURE 240X320 192P 70G SEYES VERT "CONQUERANT" REF: 100101991",2,Disabled
"1140633218","CAHIER BROCHURE 240X320 192P 70G SEYES BLEU "CONQUERANT" REF: 100101991",2,Disabled
"1140633219","CAHIER BROCHURE 240X320 192P 70G SEYES JAUNE "CONQUERANT" REF: 100101991",2,Disabled
"1140633220","CAHIER BROCHURE 240X320 192P 70G SEYES ROUGE "CONQUERANT" REF: 100101991",2,Disabled
"1140591012","CAHIER DE POESIE ET CHANT 24X32 48P "CONQUERANT" REF: 400006768",2,Disabled
"1140591011","CAHIER DE POESIE ET CHANT 17X22 48P "CONQUERANT"",2,Disabled
"1829603","CAHIER AGRAFE 17x22 POLYPROPYLENE 60 PAGE 90g ORANGE "CONQUERANT" REF: 100105474 / 000696",2,Disabled
"1758107","CAHIER AGRAFE 17x22 POLYPROPYLENE 60 PAGE 90g ROUGE "CONQUERANT" REF: 100100214/000693",2,Disabled
"1739806","CAHIER AGRAFE 17x22 POLYPROPYLENE 60 PAGE 90g VIOLET "CONQUERANT" REF: 000697/100105475",2,Disabled
"1739706","CAHIER AGRAFE 17x22 POLYPROPYLENE 60 PAGE 90g VERT "CONQUERANT" REF: 000694/100103871",2,Disabled
"1739406","CAHIER AGRAFE 17x22 POLYPROPYLENE 60 PAGE 90g JAUNE "CONQUERANT" REF: 000692/100101235",2,Disabled
"1739306","CAHIER AGRAFE 17x22 POLYPROPYLENE 60 PAGE 90g BLEU "CONQUERANT" REF: 000691/100100752",2,Disabled
"1977503","CAHIER AGRAFE 17x22 POLYPROPYLENE 48 PAGE 90G ROUGE "CONQUERANT" REF: 100104177/000493",2,Disabled
"1829203","CAHIER AGRAFE 17x22 POLYPROPYLENE 48 PAGE 90G VIOLET "CONQUERANT" REF: 100105472 / 000497",2,Disabled
"1829103","CAHIER AGRAFE 17x22 POLYPROPYLENE 48 PAGE 90G VERT "CONQUERANT" REF: 100100368 / 000494",2,Disabled
"1739006","CAHIER AGRAFE 17x22 POLYPROPYLENE 48 PAGE 90G JAUNE "CONQUERANT" REF: 100101302",2,Disabled
"1738806","CAHIER AGRAFE 17x22 POLYPROPYLENE 48 PAGE 90G BLEU "CONQUERANT" REF: 100100955",2,Disabled
"1115811","CAHIER AGRAFE 17x22 POLYPROPYLENE 48 PAGE 90G ORANGE "CONQUERANT" REF: 100105471",2,Disabled
"2343008","CAHIER AGRAFE 17X22 POLYPROPYLENE 32P 90G VIOLET "CONQUERANT" REF: 100105470/000297",2,Disabled
"1828503","CAHIER AGRAFE 17X22 POLYPROPYLENE 32P 90G VERT "CONQUERANT" REF: 100100963/000294",2,Disabled
"1828303","CAHIER AGRAFE 17X22 POLYPROPYLENE 32P 90G ROUGE "CONQUERANT" REF: 100100811/000293",2,Disabled
"1738506","CAHIER AGRAFE 17X22 POLYPROPYLENE 32P 90G JAUNE "CONQUERANT" REF: 100104920",2,Disabled
"1738406","CAHIER AGRAFE 17X22 POLYPROPYLENE 32P 90G BLEU "CONQUERANT" REF: 100103890",2,Disabled
"107981801","ACTIVEBOOK A4 R-INTEGRALE PP FEUS PERFOREES DETACHABLES+INTERCALAIRE MARQUE-PAGE Q5X5 "OXFORD" REF: 001401",2,Disabled
"1967003","CAHIER " CHEMISE A4 DETACHABLE 160P 80G R-INTEGRALE MEETINGBOOK L6 "OXFORD" REF: 001702",2,Disabled
"1660903","CAHIER ACTIVEBOOK A4 R-INTEGRALE PP+MARQUE-PAGE L6M "OXFORD" REF: 001402/100102994",2,Disabled
"1942309","CAHIER ACTIVEBOOK R-INTEGRALE A5 80 P 5 x 5 "OXFORD" REF: 0014111",2,Disabled
"107984601","CAHIER CHEMISE A4 R-INTEGRALE MEETINGBOOK Q5x5 "OXFORD" REF: 001701/100100362",2,Disabled
"1140633448","CAHIER EUROPEAN BOOK 160P 230X297 POLYPRO ORANGE 90G 5/5+INTOXF "OXFORD" REF: 400080695",2,Disabled
"1140633449","CAHIER EUROPEAN BOOK 160P 230X297 POLYPRO ROUGE 90G 5/5+INTOXF "OXFORD" REF: 400080696",2,Disabled
"1140633450","CAHIER EUROPEAN BOOK 160P 230X297 POLYPRO BLEU CIEL 90G 5/5+INTOXF "OXFORD" REF: 400080697",2,Disabled
"1140633451","CAHIER EUROPEAN BOOK 160P 230X297 POLYPRO TURQUOISE 90G 5/5+INTOXF "OXFORD" REF: 400080698",2,Disabled
"1634809","CAHIER NOTEBOOK R-INTEGRALE A4 80P "OXFORD" REF: 001202",2,Disabled
"1942209","CAHIER NOTEBOOK R-INTEGRALE A5 80 P 5 x 5 "OXFORD" REF: 001211",2,Disabled
"1966803","CAHIER R-INTEGRALE REMBORDEE DE 100F 80g A4 DETACHABLES+ INTERCALAIRES FILINGBOOK Q5x5 "OXFORD" REF: 001501/100100739",2,Disabled
"1140633452","CARNET RELIURE INTEGRALE PP 180P 90X140 90G Q:5X5 VERT "OXFORD" REF: 400080690",2,Disabled
"1140633453","CARNET RELIURE INTEGRALE PP 180P 90X140 90G Q:5X5 ORANGE "OXFORD" REF: 400080690",2,Disabled
"1140633454","CARNET RELIURE INTEGRALE PP 180P 90X140 90G Q:5X5 ROUGE "OXFORD" REF: 400080690",2,Disabled
"1140633455","CARNET RELIURE INTEGRALE PP 180P 90X140 90G Q:5X5 VIOLET "OXFORD" REF: 400080690",2,Disabled
"1140633456","CARNET RELIURE INTEGRALE PP 180P 90X140 90G Q:5X5 BLEU CIEL "OXFORD" REF: 400080690",2,Disabled
"1140633457","CARNET RELIURE INTEGRALE PP 180P 90X140 90G Q:5X5 TURQUOISE "OXFORD" REF: 400080690",2,Disabled
"1140633462","CARNET R-INTEGRALE PP 180P 9X14 90G Q5X5 VIOLET "OXFORD" REF: 177014",2,Disabled
"1140633463","CARNET R-INTEGRALE PP 180P 9X14 90G Q5X5 BLEU CLAIR "OXFORD" REF: 177014",2,Disabled
"1140633464","CARNET R-INTEGRALE PP 180P 9X14 90G Q5X5 VERT "OXFORD" REF: 177014",2,Disabled
"1140633465","CARNET R-INTEGRALE PP 180P 9X14 90G Q5X5 ORANGE "OXFORD" REF: 177014",2,Disabled
"1140633466","CARNET R-INTEGRALE PP 180P 9X14 90G Q5X5 ROSE "OXFORD" REF: 177014",2,Disabled
"107981601","NOTEBOOK R-INTEGRALE REMBORDEE FEUS PERFOREE DETACHABLES A4 Q5X5 "OXFORD" REF: 001201/100103664",2,Disabled
"1140591213","DESTRUCTEUR MULTI-SUPPORT PURE 120 BLANC DROITE 20L 10F "HSM" REF: 2310111",2,Disabled
"1140591215","DESTRUCTEUR MULTI-SUPPORT PURE 320 BLANC DROITE 25L 17F "HSM" REF: 2331111",2,Disabled
"1140621435","DESTRUCTEUR MULTI-SUPPORT SHREDSTAR S10 BLANC 18L 10F "HSM" REF: 1042121",2,Disabled
"1140603105","DESTRUCTEUR MULTI-SUPPORT SHREDSTAR X15 BLANC 26L 15F "HSM" REF: 1030121",2,Disabled
"1140621436","DESTRUCTEUR MULTI-SUPPORT SHREDSTAR X5 BLANC 18L 5F "HSM" REF: 1043121",2,Disabled
"1140632715","CISEAUX ECOLIER ZENOA FIT 13 CM SOUS BLISTER BLEU "MAPED" REF: 670110",2,Disabled
"107947701","CISEAUX PRECISE/SECURITY 13 CM "MAPED" REF: 681700",2,Disabled
"111823623","CRAYONS GRAPHITE EMBOUT 2B SOUS BLISTER 3PIECES "MAPED" REF: 851712",2,Disabled
"1140632730","DISTRIBUTEUR DE TROMBONES ROUGE "MAPED" REF: 537500/537505",2,Disabled
"1140632731","DISTRIBUTEUR DE TROMBONES GRIS "MAPED" REF: 537500/537505",2,Disabled
"1140632732","DISTRIBUTEUR DE TROMBONES BLEU "MAPED" REF: 537500/537505",2,Disabled
"1140601225","FEUTRE EFFACABLE A SEC COUL ASS FUN COLORS POCH 12 "MAPED" REF: 741817",2,Disabled
"1140592484","FEUTRE POINTE FINE 0.4 MM POCHETTE 15+5 GRAPH'PEPS "MAPED" REF: 749152",2,Disabled
"2443711","FEUTRE POINTE FINE 0.4MM ROSE CLAIR GRAPH'PEPS "MAPED" REF: 749129",2,Disabled
"2067309","FEUTRE TABLEAU BLANC NOIR "MAPED" REF: 741831",2,Disabled
"108857201","GOMME MINI SOFTY 02 PIECES SOUS BLISTER "MAPED" REF: 021789",2,Disabled
"2469311","GOMME RONDE "MAPED" REF: 114411",2,Disabled
"332603","GOMME TECHNIC 600 SOUS BLISTER 02 PIECES "MAPED" REF: 011722",2,Disabled
"107303601","LOUPE DE LECTURE DIA 75MM "MAPED" REF: 539300",2,Disabled
"107478101","LOUPE DE LECTURE DIA 75MM SOUS BLISTER "MAPED" REF: 039300",2,Disabled
"110399301","MINI AGRAFEUSE+PERFO SLIM GREENLOGIC SOUS BLISTER "MAPED" REF: 898210",2,Disabled
"2731612","OTE AGRAFES START SOUS BLISTER "MAPED" REF: 370110",2,Disabled
"1140633008","PERFORATEUR UNIVERSAL METAL 10/12 SOUS BLISTER GRIS "MAPED" REF: 061000",2,Disabled
"1140633009","PERFORATEUR UNIVERSAL METAL 10/12 SOUS BLISTER NOIR "MAPED" REF: 061000",2,Disabled
"1140633037","TAILLE-CRAYONS 1TROU SIGNAL VERT "MAPED" REF: 040511",2,Disabled
"1140633038","TAILLE-CRAYONS 1TROU SIGNAL ROUGE "MAPED" REF: 040511",2,Disabled
"1140633039","TAILLE-CRAYONS 1TROU SIGNAL GRIS "MAPED" REF: 040511",2,Disabled
"1140633051","TAILLE-CRAYONS COLOR'PEPS 02 TROUS SOUS BLISTER ORANGE "MAPED" REF: 043110",2,Disabled
"1140633052","TAILLE-CRAYONS COLOR'PEPS 02 TROUS SOUS BLISTER BLEU VERT "MAPED" REF: 043110",2,Disabled
"1140633053","TAILLE-CRAYONS COLOR'PEPS 02 TROUS SOUS BLISTER BLEU VIOLET "MAPED" REF: 043110",2,Disabled
"1140633054","TAILLE-CRAYONS CROC CROC INNOVATION SOUS BLISTER ROSE & VERT "MAPED" REF: 017610",2,Disabled
"1140633057","TAILLE-CRAYONS DEUX TROUS SOUS BLISTER PIRATES "MAPED" REF: 044110",2,Disabled
"1140633058","TAILLE-CRAYONS DEUX TROUS SOUS BLISTER PRINCESS "MAPED" REF: 044110",2,Disabled
"1140633062","TAILLE-CRAYONS 01 TROU CANETTE SOUS BLISTER COMICS "MAPED" REF: 634745",2,Disabled
"1140633063","TAILLE-CRAYONS IGLOO 01 TROU SOUS BLISTER BLEU "MAPED" REF: 634754",2,Disabled
"1140633064","TAILLE-CRAYONS IGLOO 01 TROU SOUS BLISTER VERT "MAPED" REF: 634754",2,Disabled
"1140633065","TAILLE-CRAYONS IGLOO 01 TROU SOUS BLISTER ROSE "MAPED" REF: 634754",2,Disabled
"1761603","EQUERRE 60/45°-21CM GEOMETRIC 2EN1 SAC "MAPED" REF: 255111",2,Disabled
"108019301","STYLO GEL NOIR FREEWRITER "MAPED" REF: 226131",2,Disabled
"2442211","CISEAUX ECOLIER ZENOA FIT 13 CM SOUS BLISTER "MAPED" REF: 670110",2,Disabled
"1140632721","CRAYONS DE COULEURS PLAST COLOR PULSE "MAPED"",2,Disabled
"1140632728","CUTTER SOUS BLISTER METALLO-PLASTIC ZENOA "MAPED"",2,Disabled
"1140632729","CUTTER ULTIMATE SOUS BLISTER "MAPED"",2,Disabled
"107502801","DISTRIBUTEUR DE TROMBONES "MAPED" REF: 537500/537505",2,Disabled
"111826614","ENSEMBLE GEOMETRIQUE "MAPED" REF: 897138",2,Disabled
"1140632998","GOMME X-PERT "MAPED"",2,Disabled
"1140633020","SURLIGNEUR CLASSIC PASTEL "MAPED" REF: 742599",2,Disabled
"108940901","TAILLE-CRAYONS 1TROU SIGNAL "MAPED" REF: 040511",2,Disabled
"2249903","TAILLE-CRAYONS COLOR'PEPS 02 TROUS SOUS BLISTER "MAPED" REF: 043110",2,Disabled
"108878101","TAILLE-CRAYONS IGLOO 01 TROU SOUS BLISTER "MAPED" REF: 634754",2,Disabled
"1140633169","PATE A MODELER EN POT 18 COULEURS + 8 MOULES VIOLET "TECHNO" REF: 4343",2,Disabled
"1140633170","PATE A MODELER EN POT 18 COULEURS + 8 MOULES VERT "TECHNO" REF: 4343",2,Disabled
"1140633171","PATE A MODELER EN POT 18 COULEURS + 8 MOULES BLEU "TECHNO" REF: 4343",2,Disabled
"1140633173","PATE A MODELER EN POT 12 COULEURS+2 MOULES VIOLET "TECHNO" REF: 4341",2,Disabled
"1140633174","PATE A MODELER EN POT 12 COULEURS+2 MOULES VERT "TECHNO" REF: 4341",2,Disabled
"1140633175","PATE A MODELER EN POT 12 COULEURS+2 MOULES BLEU "TECHNO" REF: 4341",2,Disabled
"1140627220","STYLO ENCRE GEL RETRACTABLE I-PEN E 0.7mm ROUGE "TECHNO" REF: 5733",2,Disabled
"1140627221","STYLO ENCRE GEL RETRACTABLE I-PEN E 0.7mm VERT "TECHNO" REF: 5732",2,Disabled
"1140633610","FEUTRE DE COLORIAGE 12 PIECES TURTLES "TECHNO" REF: 4601",2,Disabled
"1140633611","FEUTRE DE COLORIAGE 12 PIECES DORA "TECHNO" REF: 4601",2,Disabled
"1140633623","STYLO CORRECTEUR TÊTE EN METAL 07 ML CORPS BLEU "TECHNO" REF: 4538",2,Disabled
"1140633624","STYLO CORRECTEUR TÊTE EN METAL 07 ML CORPS ROSE "TECHNO" REF: 4538",2,Disabled
"1140633625","STYLO CORRECTEUR TÊTE EN METAL 07 ML CORPS VIOLET "TECHNO" REF: 4538",2,Disabled
"1140633626","STYLO CORRECTEUR TÊTE EN METAL 07 ML CORPS VERT "TECHNO" REF: 4538",2,Disabled
"1140633627","STYLO CORRECTEUR TÊTE EN METAL 07 ML CORPS ORANGE "TECHNO" REF: 4538",2,Disabled
"1140590978","PATE A MODELER EN POT 18 COULEURS + 8 MOULES "TECHNO" REF: 4343",2,Disabled
"1140590976","PATE A MODELER EN POT 12 COULEURS+2 MOULES "TECHNO" REF: 4341",2,Disabled
"1140633315","PEINTURE A EAU "TECHNO"",2,Disabled
"1140633438","CRAYONS DE COULEURS TRINO BOITE RONDE "TECHNO"",2,Disabled
"1140633531","CRAYONS DE COULEURS TRINO JUMBO "TECHNO"",2,Disabled
"1140606054","STYLO CORRECTEUR TÊTE EN METAL 07 ML "TECHNO" REF: 4538",2,Disabled
"1140633764","CRAYONS DE COULEURS SQUARE BOITE DE 12 PIECES "TECHNO"",2,Disabled
"107625501","PORCELAINE 150 FLACON DE 45 ml SAFRAN "PEBEO" REF: 024003",2,Disabled
"107629501","PORCELAINE 150 FLACON DE 45 ml OR "PEBEO" REF: 024044",2,Disabled
"107628201","PORCELAINE 150 FLACON DE 45 ml GREENGOLD "PEBEO" REF: 024031",2,Disabled
"107628001","PORCELAINE 150 FLACON DE 45 ml AMAZONITE "PEBEO" REF: 024029",2,Disabled
"107625601","PORCELAINE 150 FLACON DE 45 ml AGATHE "PEBEO" REF: 024004",2,Disabled
"107625701","PORCELAINE 150 FLACON DE 45 ml CORAIL "PEBEO" REF: 024005",2,Disabled
"107626101","PORCELAINE 150 FLACON DE 45 ml FUCHSIA "PEBEO" REF: 024009",2,Disabled
"107629401","PORCELAINE 150 FLACON DE 45 ml IVOIRE "PEBEO" REF: 024043",2,Disabled
"107626501","PORCELAINE 150 FLACON DE 45 ml AMETHYSTE "PEBEO" REF: 024013",2,Disabled
"107626701","PORCELAINE 150 FLACON DE 45 ml AZURITE "PEBEO" REF: 024015",2,Disabled
"107627301","PORCELAINE 150 FLACON DE 45 ml BLEU PAON "PEBEO" REF: 024021",2,Disabled
"107627001","PORCELAINE 150 FLACON DE 45 ml SAPHIR "PEBEO" REF: 024018",2,Disabled
"107629301","PORCELAINE 150 FLACON DE 45 ml ANTHRACITE "PEBEO" REF: 024042",2,Disabled
"107626201","PORCELAINE 150 FLACON DE 45 ml TOURMALINE "PEBEO" REF: 024010",2,Disabled
"1140622610","PORCELAINE 150 FLACON DE 45 ml CHALK ROSE POU "PEBEO" REF: 024121",2,Disabled
"1140622613","PORCELAINE 150 FLACON DE 45 ml CHALK TAUPE PO "PEBEO" REF: 024124",2,Disabled
"1140622612","PORCELAINE 150 FLACON DE 45 ml CHALK VERT POU "PEBEO" REF: 024123",2,Disabled
"1140622609","PORCELAINE 150 FLACON DE 45 ml CHALK BLANC "PEBEO" REF: 024120",2,Disabled
"1140622611","PORCELAINE 150 FLACON DE 45 ml BLEU POUDRE "PEBEO" REF: 024122",2,Disabled
"1140619034","MEDIUM A PEINDRE NORMAL 250 ML "TALENS" REF: 24305083",2,Disabled
"1140619017","GOUACHE TEMPERA BOITE DE 8X20ML "TALENS" REF: 08820408",2,Disabled
"1140627209","KIT POURING ACRYLIQUE 6X118 ML "PEBEO" REF: 524601",2,Disabled
"110480401","POCHETTE 08 BROSSES SOIE BEAU BLANC "PEBEO" REF: 950150",2,Disabled
"1140602600","MARQUEUR A L'HUILE 4ARTIST 15MM ARGENT "PEBEO" REF: 580370",2,Disabled
"1140602597","MARQUEUR A L'HUILE 4ARTIST 15MM BLANC "PEBEO" REF: 580325",2,Disabled
"1140602599","MARQUEUR A L'HUILE 4ARTIST 15MM CUIVRE "PEBEO" REF: 580356",2,Disabled
"1140602596","MARQUEUR A L'HUILE 4ARTIST 15MM NOIR "PEBEO" REF: 580324",2,Disabled
"1140602598","MARQUEUR A L'HUILE 4ARTIST 15MM OR "PEBEO" REF: 580355",2,Disabled
"1140602535","MARQUEUR A L'HUILE 4ARTIST 2MM JAUNE "PEBEO" REF: 580002",2,Disabled
"1140602536","MARQUEUR A L'HUILE 4ARTIST 2MM ROUGE "PEBEO" REF: 580007",2,Disabled
"1140602539","MARQUEUR A L'HUILE 4ARTIST 2MM NOIR "PEBEO" REF: 580024",2,Disabled
"1140602537","MARQUEUR A L'HUILE 4ARTIST 2MM BLEU FONCE "PEBEO" REF: 580010",2,Disabled
"1140602545","MARQUEUR A L'HUILE 4ARTIST 2MM ARGENT "PEBEO" REF: 580070",2,Disabled
"1140602544","MARQUEUR A L'HUILE 4ARTIST 2MM OR "PEBEO" REF: 580055",2,Disabled
"1140602541","MARQUEUR A L'HUILE 4ARTIST 2MM BLANC "PEBEO" REF: 580025",2,Disabled
"1140602543","MARQUEUR A L'HUILE 4ARTIST 2MM GRIS "PEBEO" REF: 580048",2,Disabled
"1140602542","MARQUEUR A L'HUILE 4ARTIST 2MM ROSE "PEBEO" REF: 580037",2,Disabled
"1140602538","MARQUEUR A L'HUILE 4ARTIST 2MM VERT FONCE "PEBEO" REF: 580018",2,Disabled
"1140602548","MARQUEUR A L'HUILE 4ARTIST 4MM BLEU FONCE "PEBEO" REF: 580110",2,Disabled
"1140602575","MARQUEUR A L'HUILE 4ARTIST 4MM BLANC "PEBEO" REF: 580125",2,Disabled
"1140602549","MARQUEUR A L'HUILE 4ARTIST 4MM BLEU PROFOND "PEBEO" REF: 580111",2,Disabled
"1140602546","MARQUEUR A L'HUILE 4ARTIST 4MM JAUNE "PEBEO" REF: 580102",2,Disabled
"1140602547","MARQUEUR A L'HUILE 4ARTIST 4MM ROUGE "PEBEO" REF: 580107",2,Disabled
"1140602574","MARQUEUR A L'HUILE 4ARTIST 4MM NOIR "PEBEO" REF: 580124",2,Disabled
"1140602584","MARQUEUR A L'HUILE 4ARTIST 4MM ARGENT "PEBEO" REF: 580170",2,Disabled
"1140602577","MARQUEUR A L'HUILE 4ARTIST 4MM BLEU CLAIR "PEBEO" REF: 580133",2,Disabled
"1140602582","MARQUEUR A L'HUILE 4ARTIST 4MM CUIVRE "PEBEO" REF: 580156",2,Disabled
"1140619071","PEINTURE A L'HUILE 40ML ORANGE "Talens Art creation " REF: 9019235M",2,Disabled
"1140619069","PEINTURE A L'HUILE 40 ML NOIR IVOIRE "Talens Art creation " REF: 9019701M",2,Disabled
"1140626056","PEINTURE A L'HUILE 40 ML GRIS PAYNE "Talens Art creation " REF: 9019708M",2,Disabled
"1140626055","PEINTURE A L'HUILE 40 ML GRIS CHAUD "Talens Art creation " REF: 9019718M",2,Disabled
"1140626175","SET DE 24 PASTEL TENDRES "Talens Art creation " REF: 9029024M",2,Disabled
"1140626174","SET DE 12 PASTEL TENDRES "Talens Art creation " REF: 9029012M",2,Disabled
"1140626159","PEINTURE GOUACHE 12 x 12ml "Talens Art creation " REF: 9021612M",2,Disabled
"1140626041","GESSO SEAU DE 1L "Talens Art creation " REF: 2470003M",2,Disabled
"1140626481","PINCEAUX DE VOYAGE AQUARELLE SERIE 180 NO. 6 "VAN GOGH" REF: 90999929",2,Disabled
"1140626480","PINCEAU A RESERVOIR AQUARELLE SERIE 181 "VAN GOGH" REF: 90999928",2,Disabled
"1140626478","PINCEAU HUILE ET ACRYLIQUE SERIE 300 N14 "VAN GOGH" REF: 90930014",2,Disabled
"1140626476","PINCEAU HUILE ET ACRYLIQUE SERIE 300 N08 "VAN GOGH" REF: 90929491",2,Disabled
"1140626475","PINCEAU HUILE ET ACRYLIQUE JEU DE 03 PIECES SERIE 294 N 8-12-16 "VAN GOGH" REF: 90929490",2,Disabled
"1140619119","PINCEAU HUILE ET ACRELYQUE JEU 03 PIECES SERIE 211N 2-4-6 "VAN GOGH" REF: 90921191",2,Disabled
"1140619118","PINCEAU HUILE ET ACRELYQUE SERIE 303 N08 "VAN GOGH" REF: 90930308",2,Disabled
"1140619117","PINCEAU HUILE ET ACRELYQUE SERIE 302 N8 "VAN GOGH" REF: 90930208",2,Disabled
"1140619113","PINCEAU AQUARELLE SERIE 196 N 08 "VAN GOGH" REF: 90919608",2,Disabled
"1140619111","PINCEAU AQUARELLE SERIE 196 N 04 "VAN GOGH" REF: 90919604",2,Disabled
"1140619109","PINCEAU AQUARELLE SERIE 196 N 10 "VAN GOGH" REF: 90919610",2,Disabled
"1140619112","PINCEAU AQUARELLE SERIE 196 N 06 "VAN GOGH" REF: 90919606",2,Disabled
"1140631863","FEUTRE CALLIGRAPHIE ARABE 1,0 mm BLEU "UCHIDA" REF: 6200",2,Disabled
"1140631862","FEUTRE CALLIGRAPHIE ARABE 1,0 mm ROUGE "UCHIDA" REF: 6200_02",2,Disabled
"1140631865","FEUTRE CALLIGRAPHIE ARABE 2,0 mm BLEU "UCHIDA" REF: 6200_04",2,Disabled
"1140635370","TUBE TELESCOPIQUE "TECHNO"",2,Disabled
"1140631866","FEUTRE CALLIGRAPHIE ARABE 2,0 mm ROUGE "UCHIDA" REF: 6200_05",2,Disabled
"1140631869","FEUTRE CALLIGRAPHIE ARABE 3,0 mm BLEU "UCHIDA" REF: 6200_08",2,Disabled
"1140631868","FEUTRE CALLIGRAPHIE ARABE 3,0 mm ROUGE "UCHIDA" REF: 6200_07",2,Disabled
"1140631891","FEUTRE CALLIGRAPHIE POCHETTE DE 03 "UCHIDA" REF: 6000-3V",2,Disabled
"1140631870","FEUTRE LE PLUME PERMANENT POCHETTE DE 12 COULEURS PRIMAIRE "UCHIDA" REF: 3000-12A",2,Disabled
"1140631872","FEUTRE LE PLUME PERMANENT POCHETTE DE 12 COULEURS PASTEL "UCHIDA" REF: 3000-12B",2,Disabled
"1140631873","FEUTRE LE PLUME PERMANENT POCHETTE DE 12 COULEURS CHAIR "UCHIDA" REF: 3000-12C",2,Disabled
"1140631874","FEUTRE LE PLUME PERMANENT POCHETTE DE 12 COULEURS GRIS "UCHIDA" REF: 3000-12D",2,Disabled
"1140631857","FEUTRES POUR SKETCHING POCHETTE DE 6 GRIS "UCHIDA" REF: 4600B-6A",2,Disabled
"1140631858","FEUTRES POUR SKETCHING POCHETTE DE 6 MARRON "UCHIDA" REF: 4600B-6B",2,Disabled
"1140631877","STYLO FEUTRE POINTE FINE 0,1 mm "UCHIDA" REF: 4600_02",2,Disabled
"1140631878","STYLO FEUTRE POINTE FINE 0,2 mm "UCHIDA" REF: 4600_03",2,Disabled
"1140631879","STYLO FEUTRE POINTE FINE 0,3 mm "UCHIDA" REF: 4600_04",2,Disabled
"1140631876","STYLO FEUTRE POINTE FINE 0.05 mm "UCHIDA" REF: 4600_01",2,Disabled
"1140631880","STYLO FEUTRE POINTE FINE 0.5 mm "UCHIDA" REF: 4600_05",2,Disabled
"1140631882","STYLO FEUTRE POINTE FINE 0.7 mm "UCHIDA" REF: 4600_06",2,Disabled
"1140631883","STYLO FEUTRE POINTE FINE 0.9 mm "UCHIDA" REF: 4600_07",2,Disabled
"1140631884","STYLO FEUTRE POINTE FINE 01 mm "UCHIDA" REF: 4600",2,Disabled
"1140631885","STYLO FEUTRE POINTE FINE 1,2 mm "UCHIDA" REF: 4600_08",2,Disabled
"1140631888","STYLO FEUTRE POINTE FINE POCHETTE DE 05 "UCHIDA" REF: 4600C-5VC",2,Disabled
"1140631887","STYLO FEUTRE POINTE FINE POCHETTE DE 08 "UCHIDA" REF: 4600-8VX",2,Disabled
"1140591587","TOILE SUR CHASSIS 280g 40x40cm EN COTON "TECHNO" REF: 4277",2,Disabled
"2556908","TOILE PREPAREE SUR CHASSIS 280g 50x120cm EN COTON "TECHNO" REF: 3808",2,Disabled
"1140627829","PORTE DOCUMENTS A2 "TECHNO" REF: 5419",2,Disabled
"1140627828","PORTE DOCUMENTS A3 "TECHNO" REF: 5418",2,Disabled
"1140630679","ENCRE DE CHINE 500 ml NOIR "TECHNO" REF: 6217",2,Disabled
"1140625941","TOILE PREPAREE EN ROULEAU EN COTON 380g 1x10M "TECHNO" REF: 5499",2,Disabled
"1140625940","TOILE PREPAREE EN ROULEAU EN COTON 280g 1x10M "TECHNO" REF: 5498",2,Disabled
"1140633470","PORCELAINE 150 FLACON DE 45 ml "PEBEO"",2,Disabled
"1140633471","GOUACHE TEMPERA "TALENS"",2,Disabled
"1140633472","MARQUEUR A L'HUILE 4ARTIST 15MM "PEBEO"",2,Disabled
"1140633473","MARQUEUR A L'HUILE 4ARTIST 2MM "PEBEO"",2,Disabled
"1140633474","MARQUEUR A L'HUILE 4ARTIST 4MM "PEBEO"",2,Disabled
"1140633475","SET DE PASTEL TENDRES "Talens Art creation "",2,Disabled
"1140633476","PINCEAU AQUARELLE SERIE 196 "VAN GOGH"",2,Disabled
"1140633503","FEUTRE CALLIGRAPHIE ARABE 1,0 mm "UCHIDA"",2,Disabled
"1140633504","FEUTRE CALLIGRAPHIE ARABE 2,0 mm "UCHIDA"",2,Disabled
"1140633505","FEUTRE CALLIGRAPHIE ARABE 3,0 mm "UCHIDA"",2,Disabled
"1140633526","FEUTRE LE PLUME PERMANENT POCHETTE DE 12 COULEURS "UCHIDA"",2,Disabled
"1140633528","STYLO FEUTRE POINTE FINE "UCHIDA"",2,Disabled
"1140633749","PAPIER ONDULE 50x65CM 160G PAQUET 10 FEUILLES "TECHNO"",2,Disabled
"1140633847","POCHOIR EN PVC A4 "TECHNO"",2,Disabled
"1140633804","TOILE PREPAREE EN ROULEAU EN COTON 1x10M "TECHNO"",2,Disabled
"1140632980","LOUPE DE BUREAU DIAM 100 mm "TECHNO" REF: 6210",2,Disabled
"1140632978","LOUPE DE BUREAU DIAM 80 mm "TECHNO" REF: 6208",2,Disabled
"1140632974","LOUPE DE BUREAU DIAM 40 mm "TECHNO" REF: 6204",2,Disabled
"1140632685","PUPITRE DE DISCOURS EN BOIS / CUIRE GARNITURE DOREE TECHNO REF: 8031",2,Disabled
"1140632662","PANNEAU DE SIGNALISATION POUR PIQUET A3 VERTICAL TECHNO REF: 8009-00",2,Disabled
"1140632865","PANNEAU DE SIGNALISATION POUR PIQUET A3 HORIZONTAL TECHNO REF: 8009-01",2,Disabled
"1140632664","POUBELLE RONDE COUVERCLE BASCULANT 60 L EN INOX TECHNO REF: 8011",2,Disabled
"1140632665","POUBELLE RONDE COUVERCLE BASCULANT 60 L EN METAL NOIRE TECHNO REF: 8012",2,Disabled
"497403","TABLE PLIANTE MODULABLE RECTANGULAIRE 152 x 90 x 76 CM TECHNO REF: 1525",2,Disabled
"1140632694","TABLE PLIANTE MODULABLE RECTANGULAIRE 180 x 45 x 76 CM TECHNO REF: 8040",2,Disabled
"1140593807","TABLE PLIANTE MODULABLE CARREE/RONDE123 x 76 CM TECHNO REF: 1527",2,Disabled
"1140597340","PANIER A MAIN 30L VERT ARAVEN REF: 38118",2,Disabled
"1140591553","PORTE PANIERS MODELE 655 AVEC ROULETTES ARAVEN REF: 40655",2,Disabled
"1140624481","TOURNIQUET ORIENTATION GAUCHE UCGE REF: U040001700_01",2,Disabled
"1140638499","PANNEAU DE SIGNALISATION POUR PIQUET A4 TECHNO",2,Disabled
"1140638500","PANNEAU DE SIGNALISATION POUR PIQUET A3 TECHNO",2,Disabled
"1140638560","POUBELLE RONDE COUVERCLE BASCULANT 60L TECHNO",2,Disabled
"1140638563","TABLE PLIANTE MODULABLE RECTANGULAIRE TECHNO",2,Disabled
"1140638568","CHARIOT CHROME AVEC PORTE BEBE MARSANZ",2,Disabled
"1140638571","PANIER A MAIN 30L ARAVEN",2,Disabled
"1140638575","TOURNIQUET UCGE REF: U040001700",2,Disabled
"1140641776","CUTTER PLASTIQUE 18 MM START "MAPED" REF: 018211",2,Disabled
"1140642047","CUTTER PLASTIQUE START "MAPED"",2,Disabled
"G0000001","PACK CADEAU DE LA RENTREE SCOLAIRE 2022",2,Disabled
"1140640294","NETTOYANT TABLEAU BLANC 250 ml "TECHNO" REF: 9896",2,Disabled
"1140639649","BAGUETTE A RELIER BLANC EPAISSEUR 25 mm "TECHNO" REF: 9848",2,Disabled
"1140639648","BAGUETTE A RELIER BLANC EPAISSEUR 20 mm "TECHNO" REF: 9847",2,Disabled
"1140639647","BAGUETTE A RELIER BLANC EPAISSEUR 16 mm "TECHNO" REF: 9846",2,Disabled
"1140639646","BAGUETTE A RELIER BLANC EPAISSEUR 14 mm "TECHNO" REF: 9845",2,Disabled
"1140639645","BAGUETTE A RELIER BLANC EPAISSEUR 12 mm "TECHNO" REF: 9844",2,Disabled
"1140639644","BAGUETTE A RELIER BLANC EPAISSEUR 10 mm "TECHNO" REF: 9843",2,Disabled
"1140639643","BAGUETTE A RELIER BLANC EPAISSEUR 08 mm "TECHNO" REF: 9842",2,Disabled
"1140639642","BAGUETTE A RELIER BLANC EPAISSEUR 06 mm "TECHNO" REF: 9841",2,Disabled
"1140639641","BAGUETTE A RELIER BLANC EPAISSEUR 04 mm "TECHNO" REF: 9840",2,Disabled
"1140639635","BAGUETTE A RELIER BLANC EPAISSEUR 03 mm "TECHNO" REF: 9839",2,Disabled
"1140642110","BROSSE TABLEAU BLANC AVEC PORTE DEUX MARQUEURS "TECHNO" COULEUR BLANC",2,Disabled
"1140642111","BROSSE TABLEAU BLANC AVEC PORTE DEUX MARQUEURS "TECHNO" COULEUR VERT",2,Disabled
"1140642112","BROSSE TABLEAU BLANC AVEC PORTE DEUX MARQUEURS "TECHNO" COULEUR BLEU",2,Disabled
"1140642113","BROSSE TABLEAU BLANC AVEC PORTE DEUX MARQUEURS "TECHNO" COULEUR GRIS",2,Disabled
"1140642086","STYLO MAGIC PEN CLIC "TECHNO"",2,Disabled
"1140642090","CAHIER PIQUE TP 21 x 29.7cm SEYES 70g "TECHNO"",2,Disabled
"1140642091","CAHIER PIQUE TP 17 x 22 cm SEYES 70 g "TECHNO"",2,Disabled
"1140642092","CAHIER PIQUE 17x22cm SEYES 70g "TECHNO"",2,Disabled
"1140642094","CAHIER SPIRALE 17 x 22 cm SEYES 70g "TECHNO"",2,Disabled
"1140642095","NETTOYANT TABLEAU BLANC "TECHNO"",2,Disabled
"1140642096","PROTEGE CAHIER 36 x 22.5 cm CRISTAL "TECHNO"",2,Disabled
"1140642098","BAGUETTE A RELIER BLANC EPAISSEUR "TECHNO"",2,Disabled
"1140642102","POCHETTE ENVELOPPE A BOUTON COULEUR TRANSLUCIDE "TECHNO"",2,Disabled
"1140642103","PERFORATEUR PAPIER HEAVY DUTY PUNCH' UP "TECHNO"",2,Disabled
"1140642105","AGRAFES "TECHNO"",2,Disabled
"1140646766","SAC A DOS ERGONOMIQUE NATURE QUEST "TIGER FAMILY" REF: IG11-G",2,Disabled
"1140646771","SAC A DOS ERGONOMIQUE JOLLY PRO "TIGER FAMILY" REF: IG12-G",2,Disabled
"1140646783","SAC A DOS ERGONOMIQUE JOY PRO  "TIGER FAMILY" REF: IG62-G",2,Disabled
"1140646797","SAC A DOS ERGONOMIQUE LIVELY "TIGER FAMILY" REF: IG01-F",2,Disabled
"1140646798","SAC A DOS ERGONOMIQUE LIVELY  "TIGER FAMILY" REF: IG01-G",2,Disabled
"1140647599","SAC A DOS CRECHE DEAR FRIENDS "TIGER FAMILY" REF:IG01-G2",2,Disabled
"1140640797","SURLIGNEUR COULEUR VINTAGE GRIS SHOW "TECHNO" REF: 6746",2,Disabled
"1140640796","SURLIGNEUR COULEUR VINTAGE MARRON SHOW "TECHNO" REF: 6745",2,Disabled
"1140640795","SURLIGNEUR COULEUR VINTAGE VIOLET SHOW "TECHNO" REF: 6744",2,Disabled
"1140640793","SURLIGNEUR COULEUR VINTAGE BLEU SHOW "TECHNO" REF: 6743",2,Disabled
"1140640792","SURLIGNEUR COULEUR VINTAGE VERT SHOW "TECHNO" REF: 6742",2,Disabled
"1140640791","SURLIGNEUR COULEUR VINTAGE JAUNE SHOW "TECHNO" REF: 6741",2,Disabled
"1140640781","SURLIGNEUR COULEUR METALLIQUE ABRICOT SHOW "TECHNO" REF: 6528",2,Disabled
"1140640767","SURLIGNEUR COULEUR METALLIQUE POURPRE SHOW "TECHNO" REF: 6527",2,Disabled
"1140640766","SURLIGNEUR COULEUR METALLIQUE VIOLET SHOW "TECHNO" REF: 6526",2,Disabled
"1140640765","SURLIGNEUR COULEUR METALLIQUE BLEU SHOW "TECHNO" REF: 6525",2,Disabled
"1140640748","SURLIGNEUR COULEUR METALLIQUE VERT SHOW "TECHNO" REF: 6524",2,Disabled
"1140640747","SURLIGNEUR COULEUR METALLIQUE CUIVRE SHOW "TECHNO" REF: 6523",2,Disabled
"1140640746","SURLIGNEUR COULEUR METALLIQUE ARGENTE SHOW "TECHNO" REF: 6522",2,Disabled
"1140640745","SURLIGNEUR COULEUR METALLIQUE DORE SHOW "TECHNO" REF: 6521",2,Disabled
"1140642140","CRAYON NOIR TRINO HB2 CORPS BLEU &quot;TECHNO&quot; ",2,Disabled
"1140642149","CRAYON NOIR TRINO HB2 CORPS VERT "TECHNO" ",2,Disabled
"1140642150","CRAYON NOIR TRINO HB2 CORPS ROSE "TECHNO"",2,Disabled
"1140642151","CRAYON NOIR TRINO HB2 CORPS JAUNE &quot;TECHNO&quot;",2,Disabled
"1140642152","CRAYON NOIR TRINO HB2 CORPS VIOLET "TECHNO"",2,Disabled
"1140642153","CRAYON NOIR TRINO HB2 CORPS ORANGE &quot;TECHNO&quot;",2,Disabled
"1140638186","ARDOISE DOUBLE FACE SOUS LICENCE LIGNÉE COTÉ BLANCH ET COTÉ NOIR AVEC BROSSE ET MARQUEUR "TECHNO" REF: 9802",2,Disabled
"1140641039","ARDOISE DOUBLE FACE SOUS LICENCE COTÉ LIGNÉE BLANC ET COTÉ BLANC UNI AVEC BROSSE ET MARQUEUR "TECHNO" REF: 9803",2,Disabled
"1140637286","PINCEAU ECOLIER N°16 "TECHNO" REF: 5377",2,Disabled
"1140637285","PINCEAU ECOLIER N°14 "TECHNO" REF: 5376",2,Disabled
"1140637284","PINCEAU ECOLIER N°12 BOITE 36 PCS "TECHNO" REF: 5375",2,Disabled
"1140637283","PINCEAU ECOLIER N°10 "TECHNO" REF: 5374",2,Disabled
"1140637282","PINCEAU ECOLIER N°8 "TECHNO" REF: 5373",2,Disabled
"1140637281","PINCEAU ECOLIER N°6 "TECHNO" REF: 5372",2,Disabled
"1140637280","PINCEAU ECOLIER N°4 "TECHNO" REF: 5371",2,Disabled
"1140637279","PINCEAU ECOLIER N°2 "TECHNO" REF: 5370",2,Disabled
"1140641013","TABLIER SCOLAIRE BLANC POUR FILLE 12 ANS AVEC FERMETURE "TECHNO" REF: 9900",2,Disabled
"1140641014","TABLIER SCOLAIRE BLANC POUR FILLE 14 ANS AVEC FERMETURE "TECHNO" REF: 9901",2,Disabled
"1140641015","TABLIER SCOLAIRE BLANC POUR FILLE 16 ANS AVEC FERMETURE "TECHNO" REF: 9902",2,Disabled
"1140641010","TABLIER SCOLAIRE ROSE AVEC BIAIS POUR FILLE 06 ANS "TECHNO" REF: 9897",2,Disabled
"1140641011","TABLIER SCOLAIRE ROSE AVEC BIAIS POUR FILLE 08 ANS "TECHNO" REF: 9898",2,Disabled
"1140641012","TABLIER SCOLAIRE ROSE AVEC BIAIS POUR FILLE 10 ANS "TECHNO" REF: 9899",2,Disabled
"1140639787","CAHIER DE TEXTE DOUBLE SPIRALE 100P 17x22 cm SEYES 80g "TECHNO" REF: 9860",2,Disabled
"1140644744","PATE A MODELER EN POT 24 COULEURS AVEC 3 MOULES "TECHNO" REF: 6950",2,Disabled
"1140644743","PATE A MODELER EN POT 12 COULEURS AVEC 2 MOULES "TECHNO" REF: 6949",2,Disabled
"1140644741","PATE A MODELER EN POT 12 COULEURS AVEC 3 MOULES "TECHNO" REF: 6948",2,Disabled
"1140644740","PATE A MODELER EN POT 12 COULEURS AVEC 3 MOULES "TECHNO" REF: 6947   ",2,Disabled
"1140644739","PATE A MODELER EN POT 12 COULEURS AVEC 3 MOULES "TECHNO" REF: 6946",2,Disabled
"1140644738","PATE A MODELER EN POT 12 COULEURS AVEC 2 MOULES "TECHNO" REF: 6945",2,Disabled
"1140644737","PATE A MODELER EN POT 12 COULEURS AVEC 2 MOULES "TECHNO" REF: 6944",2,Disabled
"1140644736","PATE A MODELER EN POT 12 COULEURS AVEC 1 MOULE "TECHNO" REF: 6943",2,Disabled
"1140644735","PATE A MODELER EN POT 12 COULEURS AVEC 2 MOULES "TECHNO" REF: 6942",2,Disabled
"1140644734","PATE A MODELER EN POT 07 COULEURS AVEC 1 MOULE "TECHNO" REF: 6941",2,Disabled
"1140644733","PATE A MODELER EN POT 08 COULEURS AVEC 1 MOULE "TECHNO" REF: 6940",2,Disabled
"1140648909","ARDOISE DOUBLE FACE MOTIF TOM AND JERRY COTÉ LIGNÉE BLANC ET COTÉ BLANC UNI AVEC BROSSE ET MARQUEUR "TECHNO"",2,Disabled
"1140648926","ARDOISE DOUBLE FACE MOTIF BABY SHARK LIGNÉE COTÉ BLANCH ET COTÉ NOIR AVEC BROSSE ET MARQUEUR "TECHNO" ",2,Disabled
"1140648927","ARDOISE DOUBLE FACE MOTIF TOM AND JERRY LIGNÉE COTÉ BLANCH ET COTÉ NOIR AVEC BROSSE ET MARQUEUR "TECHNO" ",2,Disabled
"1140648928","ARDOISE DOUBLE FACE MOTIF LOONEY TUNES LIGNÉE COTÉ BLANCH ET COTÉ NOIR AVEC BROSSE ET MARQUEUR "TECHNO" ",2,Disabled
"1140648929","ARDOISE DOUBLE FACE MOTIF JUSTICE LEAGUE LIGNÉE COTÉ BLANCH ET COTÉ NOIR AVEC BROSSE ET MARQUEUR "TECHNO" ",2,Disabled
"1140648931","ARDOISE DOUBLE FACE MOTIF SUPER HERO LIGNÉE COTÉ BLANCH ET COTÉ NOIR AVEC BROSSE ET MARQUEUR "TECHNO" ",2,Disabled
"1140648932","ARDOISE DOUBLE FACE MOTIF BLAZE LIGNÉE COTÉ BLANCH ET COTÉ NOIR AVEC BROSSE ET MARQUEUR "TECHNO" ",2,Disabled
"1140648934","ARDOISE DOUBLE FACE MOTIF SHIMMER & SHINE LIGNÉE COTÉ BLANCH ET COTÉ NOIR AVEC BROSSE ET MARQUEUR "TECHNO" ",2,Disabled
"1140648935","ARDOISE DOUBLE FACE MOTIF PAW PATROL LIGNÉE COTÉ BLANCH ET COTÉ NOIR AVEC BROSSE ET MARQUEUR "TECHNO" ",2,Disabled
"1140648937","ARDOISE DOUBLE FACE MOTIF GARFIELD LIGNÉE COTÉ BLANCH ET COTÉ NOIR AVEC BROSSE ET MARQUEUR "TECHNO" ",2,Disabled
"1140648938","ARDOISE DOUBLE FACE MOTIF SUPER MAN LIGNÉE COTÉ BLANCH ET COTÉ NOIR AVEC BROSSE ET MARQUEUR "TECHNO" ",2,Disabled
"1140647951","COLLE STICK 8g COULEUR DE CORPS METALIC "TECHNO" REF: 6914",2,Disabled
"1140647952","COLLE STICK 15g COULEUR DE CORPS METALIC "TECHNO" REF: 6915",2,Disabled
"1140647953","COLLE STICK 21g COULEUR DE CORPS METALIC "TECHNO" REF: 6916",2,Disabled
"1140647954","COLLE STICK 36g COULEUR DE CORPS METALIC "TECHNO" REF: 6917",2,Disabled
"1140647947","COLLE STICK 8g COULEUR DE CORPS PASTEL "TECHNO" REF: 6910",2,Disabled
"1140647948","COLLE STICK 15g COULEUR DE CORPS PASTEL "TECHNO" REF: 6911",2,Disabled
"1140647949","COLLE STICK 21g COULEUR DE CORPS PASTEL "TECHNO" REF: 6912",2,Disabled
"1140647950","COLLE STICK 36g COULEUR DE CORPS PASTEL "TECHNO" REF: 6913",2,Disabled
"1140642119","SURLIGNEUR COULEUR VINTAGE SHOW "TECHNO" ",2,Disabled
"1140642120","SURLIGNEUR COULEUR METALLIQUE SHOW ONE POCHETTE 4 PCS "TECHNO"",2,Disabled
"1140642122","SURLIGNEUR COULEUR METALLIQUE SHOW "TECHNO" ",2,Disabled
"1140642126","SURLIGNEUR FLUORESENT NICETY "TECHNO" ",2,Disabled
"1140642128","PINCEAU ECOLIER "TECHNO"",2,Disabled
"1140642130","CISEAUX ASYMETRIQUE "TECHNO"",2,Disabled
"1140642131","PINCE DOUBLE CLIP BOITE 12 PCS "TECHNO"",2,Disabled
"1140642137","TABLIER SCOLAIRE BLANC POUR FILLE AVEC FERMETURE "TECHNO"",2,Disabled
"1140642138","TABLIER SCOLAIRE ROSE AVEC BIAIS POUR FILLE "TECHNO"",2,Disabled
"1140648939","COLLE STICK COULEUR DE CORPS METALIC "TECHNO" ",2,Disabled
"1140648940","COLLE STICK COULEUR DE CORPS PASTEL  "TECHNO" ",2,Disabled
"1140648941","CRAYONS DE COULEUR WOW CREA EFFAÇABLE BOITE EN PET "TECHNO"",2,Disabled
"1140648942","CRAYONS DE COULEUR WOW CREA EFFAÇABLE BOITE RONDE "TECHNO"",2,Disabled
"1140649135","CISEAUX DECO ESSENTIALS GREEN 17 cm SYMETRIQUES TRY ME "MAPED" REF:468002",2,Disabled
"1140649146","CISEAUX VIVO 12cm SMILING PLANET FSC MIX "MAPED" REF:472021",2,Disabled
"1140649147","CISEAUX VIVO 12cm LEFT SMILING P FSC MIX "MAPED" REF:472521",2,Disabled
"1140649148","CISEAUX SECURITY 13cm SMILING PLANET FSC MIX "MAPED" REF:473120",2,Disabled
"1140649149","CISEAUX SECURITY 13cm SMILING PLANET FSC MIX "MAPED" REF:473121",2,Disabled
"1140657122","SAC A DOS CRECHE BUCKLE DRAGON ACE "TIGER FAMILY" REF: IE01-G5_01",2,Disabled
"1140660260","PEINTURE ACRYLIQUE 200 ML VERTE CREA COLOR "TECHNO" REF: 7339",2,Disabled
"1140660259","PEINTURE ACRYLIQUE 200 ML CREA COLOR "TECHNO"",2,Disabled
"1140660130","SAC A DOS ERGONOMIQUE CHAMP "TIGER FAMILY"",2,Disabled
"1140654664","COLLE STICK  FANTAISIE 9g RABBIT "TECHNO" REF: 7202",2,Disabled
"1140660834","CISEAUX SCOLAIRE 13.5 cm LOVELY HEART ANNEAUX BLEU "TECHNO" REF: 7063",2,Disabled
"1140660901","REGLE ECOLIER PLATE 20 cm LA COULEUR ORANGE "TECHNO" REF: 9931",2,Disabled
"1140660926","PATE A MODELER PASTEL SOUS BLISTER "TECHNO" ",2,Disabled
"1140654856","PATE A MODELER 6 COULEURS AVEC 1 ROULEAU LICENCE SOUS BLISTER "TECHNO" REF: 7214",2,Disabled
"1140645922","ENSEMBLE DE TRACAGE 03 PCS-30 cm "TECHNO" REF: 9934",2,Disabled
"1140645921","ENSEMBLE DE TRACAGE 03 PCS-20 cm "TECHNO" REF: 9933",2,Disabled
"1140643913","REGLE ECOLIER PLATE 30 cm "TECHNO" REF: 9932",2,Disabled
"1140643912","REGLE ECOLIER PLATE 20 cm "TECHNO" REF: 9931",2,Disabled
"1140642659","COMPAS BAGUE COFFRET 3PCS COULEUR PASTEL CUTY "TECHNO" REF: 6519",2,Disabled
"1140651164","SAC A DOS LAPTOP "TECHNO" REF: 7049",2,Disabled
"1140651157","SAC A DOS AVEC COMPARTIMENT LAPTOP "TECHNO" REF: 7042",2,Disabled
"1140661241","CAHIER BROCHURE 192 PAGES 240mmX320mm 90g "CLAIREFONTAINE"",2,Disabled
"1140661242","CAHIER BROCHURE 192 PAGES A4 90g "CLAIREFONTAINE"",2,Disabled
"1140661243","CAHIER BROCHURE 288 PAGES A4 90g "CLAIREFONTAINE"",2,Disabled
"1140661245","CAHIER BROCHURE REMBORDEE 192 PAGES A4 90g "CLAIREFONTAINE"",2,Disabled
"1140661251","CAHIER INTEGRALE 100 PAGES 240X320mm 90g "CLAIREFONTAINE"",2,Disabled
"1140661252","CAHIER INTEGRALE 180 PAGES 240X320mm 90g "CLAIREFONTAINE"",2,Disabled
"1140661253","CAHIER MIMESYS PIQURE 48 PAGES 240X320mm 90g EN POLYPRO "CLAIREFONTAINE"",2,Disabled
"1140661254","CAHIER MIMESYS PIQURE 48 PAGES A4 90g EN POLYPRO "CLAIREFONTAINE"",2,Disabled
"1140661255","CAHIER MIMESYS PIQURE 96 PAGES 240X320mm 90g EN POLYPRO "CLAIREFONTAINE"",2,Disabled
"1140661256","CAHIER MIMESYS PIQURE 96 PAGES A4 90g EN POLYPRO "CLAIREFONTAINE"",2,Disabled
"1140661257","CAHIER PIQURE 32 PAGES 170X220mm 90g DOUBLE LIGNE 3mm "CLAIREFONTAINE"",2,Disabled
"1140660631","TROUSSE EVA ECOLIER NOIR "TECHNO" REF: 7397",2,Disabled
"1140660652","TROUSSE ECOLIER NOIR "TECHNO" REF: 7372",2,Disabled
"1140660653","TROUSSE ECOLIER BLEU "TECHNO" REF: 7372",2,Disabled
"1140660654","TROUSSE ECOLIER GRIS "TECHNO" REF: 7372",2,Disabled
"1140660663","TROUSSE EVA ECOLIER LAPIN "TECHNO" REF: 7399",2,Disabled
"1140660664","TROUSSE EVA ECOLIER CHAT "TECHNO" REF: 7399",2,Disabled
"1140660665","TROUSSE EVA ECOLIER OURS  "TECHNO" REF: 7399",2,Disabled
"1140660675","TROUSSE SILICONE FANCY TWINS ORANGE CLAIR "TECHNO" REF: 7405",2,Disabled
"1140660679","TROUSSE ECOLIER ROSE "TECHNO" REF: 7380",2,Disabled
"1140660680","TROUSSE ECOLIER ROSE CLAIR "TECHNO" REF: 7380",2,Disabled
"1140660681","TROUSSE ECOLIER BLEU  "TECHNO" REF: 7380",2,Disabled
"1140660682","TROUSSE SILICONE STRETCH BLEU "TECHNO" REF: 7402",2,Disabled
"1140660695","TROUSSE SILICONE STRETCH SAUMON "TECHNO" REF: 7403",2,Disabled
"1140660702","TROUSSE SILICONE LOFTY VERT PASTEL "TECHNO" REF: 7404",2,Disabled
"1140660704","TROUSSE DOUBLE POCHES BLEU CIEL "TECHNO" REF: 6851",2,Disabled
"1140660705","TROUSSE DOUBLE POCHES GRIS  "TECHNO" REF: 6851",2,Disabled
"1140660706","TROUSSE DOUBLE POCHES ROUGE "TECHNO" REF: 6851",2,Disabled
"1140660707","TROUSSE DOUBLE POCHES BLEU "TECHNO" REF: 6851",2,Disabled
"1140660708","TROUSSE DOUBLE POCHES BORDEAUX  "TECHNO" REF: 6851",2,Disabled
"1140660710","TROUSSE TRIPLE POCHES BORDEAUX "TECHNO" REF: 6868",2,Disabled
"1140659103","SAC A DOS AVEC COMPARTIMENT LAPTOP BLEU MARINE "TECHNO" REF: 7576",2,Disabled
"1140659104","SAC A DOS AVEC COMPARTIMENT LAPTOP GRENAT "TECHNO"  REF: 7577",2,Disabled
"1140659102","SAC A DOS AVEC COMPARTIMENT LAPTOP NOIR "TECHNO" REF: 7575",2,Disabled
"1140661350","SAC A DOS 12" RENARD "TECHNO"  REF: 7335",2,Disabled
"1140661351","SAC A DOS 12" REQUIN "TECHNO" REF: 7335",2,Disabled
"1140661352","SAC A DOS 12" OURS "TECHNO" REF: 7335",2,Disabled
"1140661353","SAC A DOS 12" TIGER "TECHNO"  REF: 7335",2,Disabled
"1140661354","SAC A DOS 12" LAPIN "TECHNO" REF: 7336",2,Disabled
"1140661355","SAC A DOS 12" CHAT "TECHNO" REF: 7336",2,Disabled
"1140661356","SAC A DOS 12" ECUREUIL "TECHNO"  REF: 7336",2,Disabled
"1140661357","SAC A DOS 16" SOCCER "TECHNO" REF: 7338",2,Disabled
"1140661358","SAC A DOS 16" CARS "TECHNO" REF: 7338",2,Disabled
"1140661359","SAC A DOS 16" ASTRONAUT "TECHNO" REF: 7338",2,Disabled
"1140661360","SAC A DOS 16" PAPILLON BLEU "TECHNO" REF: 7337",2,Disabled
"1140661361","SAC A DOS 16" PAPILLON ROSE "TECHNO" REF: 7337",2,Disabled
"1140661362","SAC A DOS 16" SWEET "TECHNO" REF: 7337",2,Disabled
"1140661363","SAC A DOS 16" PRINCESSE "TECHNO" REF: 7337",2,Disabled
"1140659100","SAC A DOS "TECHNO" NOIR  REF: 7571",2,Disabled
"1140659101","SAC A DOS "TECHNO" NOIR REF: 7572",2,Disabled
"1140661010","SAC A DOS NOIR "TECHNO" REF: 7578",2,Disabled
"1140659105","SAC A DOS BLEU MARINE "TECHNO" REF: 7579",2,Disabled
"1140659098","SAC A DOS HAPPIER "TECHNO" REF: 7562",2,Disabled
"1140659420","SAC A DOS "TECHNO" CAT REF: 7564",2,Disabled
"1140659421","SAC A DOS "TECHNO" CAT CUTE REF: 7565",2,Disabled
"1140659096","SAC A DOS "TECHNO" VIOLET REF: 7556",2,Disabled
"1140659416","SAC A DOS "TECHNO" BLUE REF: 7559",2,Disabled
"1140659097","SAC A DOS "TECHNO" ANIMALE REF: 7558",2,Disabled
"1140657880","TROUSSE ECOLIER "TECHNO" REF: 7389",2,Disabled
"1140658027","TROUSSE ECOLIER "TECHNO" REF: 7378",2,Disabled
"1140657870","TROUSSE EVA ECOLIER "TECHNO" REF: 7397",2,Disabled
"1140657874","TROUSSE EVA ECOLIER SPACE UNIVERSE "TECHNO" REF: 7394",2,Disabled
"1140658054","TROUSSE ECOLIER "TECHNO" REF: 7372",2,Disabled
"1140657871","TROUSSE EVA ECOLIER "TECHNO" REF: 7396",2,Disabled
"1140657869","TROUSSE EVA ECOLIER "TECHNO" REF: 7398",2,Disabled
"1140657868","TROUSSE EVA ECOLIER "TECHNO" REF: 7399",2,Disabled
"1140657876","TROUSSE ECOLIER "TECHNO" REF: 7393",2,Disabled
"1140657873","TROUSSE EVA ECOLIER "TECHNO" REF: 7395",2,Disabled
"1140658985","TROUSSE SILICONE FANCY TWINS "TECHNO" REF: 7405",2,Disabled
"1140658047","TROUSSE ECOLIER "TECHNO" REF: 7376",2,Disabled
"1140658024","TROUSSE ECOLIER "TECHNO" REF: 7380",2,Disabled
"1140658982","TROUSSE SILICONE STRETCH "TECHNO" REF: 7402",2,Disabled
"1140658983","TROUSSE SILICONE STRETCH "TECHNO" REF: 7403",2,Disabled
"1140658984","TROUSSE SILICONE LOFTY "TECHNO" REF: 7404",2,Disabled
"1140642382","TROUSSE DOUBLE POCHES "TECHNO" REF: 6851",2,Disabled
"1140642400","TROUSSE TRIPLE POCHES "TECHNO" REF: 6868",2,Disabled
"1140642385","TROUSSE RONDE "TECHNO" REF: 6854",2,Disabled
"1140642405","TROUSSE RONDE "TECHNO" REF: 6873",2,Disabled
"1140660952","SAC A DOS 12" "TECHNO" REF: 7335",2,Disabled
"1140660953","SAC A DOS 12" "TECHNO" REF: 7336",2,Disabled
"1140660956","SAC A DOS 16" "TECHNO" REF: 7338",2,Disabled
"1140660954","SAC A DOS 16" "TECHNO" REF: 7337",2,Disabled
"1140661264","FEUILLETS MOBILES 200 PAGES 170X220mm 90g BLANC "CLAIREFONTAINE"",2,Disabled
"1140659615","FEUILLETS MOBILES 200 PAGES 170X220mm 90g SEYES BLANC "CLAIREFONTAINE" REF:1351C",2,Disabled
"1140659614","FEUILLETS MOBILES 200 PAGES 170X220mm 90g 5X5 BLANC "CLAIREFONTAINE" REF:1352C",2,Disabled
"1140661265","FEUILLETS MOBILES 200 PAGES A4 90g BLANC "CLAIREFONTAINE"",2,Disabled
"1140659611","FEUILLETS MOBILES 200 PAGES A4 90g 5X5 BLANC "CLAIREFONTAINE" REF:1752C",2,Disabled
"1140659612","FEUILLETS MOBILES 200 PAGES A4 90g SEYES BLANC "CLAIREFONTAINE" REF:1751C",2,Disabled
"B0000037","Offre Promo Molotow Acheter 02 03e Gratuit",2,Disabled
"1140661820","MARQUEUR DOUBLE TETE ARTMARK NUANCIER WHITE COLOR  "TECHNO"",2,Disabled
"1140661821","MARQUEUR DOUBLE TETE ARTMARK NUANCIER GREY-BLACK "TECHNO"",2,Disabled
"1140661901","MARQUEUR DOUBLE TETE ARTMARK NUANCIER RED COLOR "TECHNO"",2,Disabled
"1140661903","MARQUEUR DOUBLE TETE ARTMARK NUANCIER YELLOW "TECHNO"",2,Disabled
"1140661905","MARQUEUR DOUBLE TETE ARTMARK NUANCIER ORANGE COLOR "TECHNO"",2,Disabled
"1140661906","MARQUEUR DOUBLE TETE ARTMARK NUANCIER BLUE COLOR "TECHNO"",2,Disabled
"1140661907","MARQUEUR DOUBLE TETE ARTMARK NUANCIER GREEN COLOR "TECHNO"",2,Disabled
"1140661924","MARQUEUR DOUBLE TETE ARTMARK NUANCIER PINK COLOR "TECHNO"",2,Disabled
"1140661925","MARQUEUR DOUBLE TETE ARTMARK NUANCIER VIOLET PURPLE COLOR "TECHNO"",2,Disabled
"1140661926","MARQUEUR DOUBLE TETE ARTMARK NUANCIER BROWN COLOR "TECHNO"",2,Disabled
"1140666042-1","Unknown",2,Disabled
"1140671618","CAHIER INTEGRALE CALLIGRAPHE 100P 17x22 CM 70G "CALLIGRAPHE"",2,Disabled
"1140671619","CAHIER INTEGRALE CALLIGRAPHE 100P A4 70G "CALLIGRAPHE"",2,Disabled
"1140671620","CAHIER INTEGRALE CALLIGRAPHE 180P 17x22 CM 70G "CALLIGRAPHE"",2,Disabled
"1140671621","CAHIER INTEGRALE CALLIGRAPHE 180P 24x32 CM 70G "CALLIGRAPHE"",2,Disabled
"1140671622","CAHIER PIQUE CALLIGRAPHE 7000 192P A4 70G "CALLIGRAPHE"",2,Disabled
"1140671623","CAHIER PIQUE CALLIGRAPHE 7000 96P A4 70G "CALLIGRAPHE"",2,Disabled
"1140671624","CAHIER PIQUE CALLIGRAPHE EN PP 192P 17x22 CM 90G SEYES "CALLIGRAPHE"",2,Disabled
"1140671625","CAHIER PIQUE CALLIGRAPHE EN PP 192P 24x32 CM 90G SEYES "CALLIGRAPHE"",2,Disabled
"1140671627","CAHIER PIQUE CALLIGRAPHE EN PP 192P A4 90G SEYES "CALLIGRAPHE"",2,Disabled
"1140671671","CAHIER PIQUE CALLIGRAPHE EN PP 48P 17x22 CM 90G SEYES "CALLIGRAPHE"",2,Disabled
"1140671672","CAHIER PIQUE CALLIGRAPHE EN PP 48P 24x32 CM 90G SEYES "CALLIGRAPHE"",2,Disabled
"1140671673","CAHIER PIQUE CALLIGRAPHE EN PP 48P A4 90G SEYES "CALLIGRAPHE"",2,Disabled
"1140671674","CAHIER PIQUE CALLIGRAPHE EN PP 96P 17x22 CM 90G SEYES "CALLIGRAPHE"",2,Disabled
"1140671676","CAHIER PIQUE CALLIGRAPHE EN PP 96P 24x32 90G SEYES "CALLIGRAPHE"",2,Disabled
"1140671677","CAHIER PIQUE CALLIGRAPHE EN PP 96P A4 90G SEYES "CALLIGRAPHE"",2,Disabled
"1140663714","CRAYONS DE COULEUR CLASSIC PASTEL BOITE X10 "FABER CASTELL" REF:111211",2,Disabled
"1140663711","CRAYONS DE COULEUR CLASSIC BOITE DE 60 PCS "FABER CASTELL" REF:111260",2,Disabled
"1140663691","CRAYONS GRAPHITE ELEGANZ HB "FABER CASTELL" REF:111400",2,Disabled
"1140663685","CRAYONS GRAPHITE DESSIN 2001 HB "FABER CASTELL" REF:112100",2,Disabled
"1140663692","CRAYONS DE COULEUR PARROT AQUAREL BOITE x12 "FABER CASTELL" REF:114462",2,Disabled
"1140663693","CRAYONS DE COULEUR PARROT AQUAREL BOITE x24 "FABER CASTELL" REF:114464",2,Disabled
"1140663694","CRAYONS DE COULEUR PARROT AQUAREL BOITE x36 "FABER CASTELL" REF:114466",2,Disabled
"1140663695","CRAYONS DE COULEUR PARROT AQUAREL BOITE x48 "FABER CASTELL" REF:114468",2,Disabled
"1140663715","CRAYONS DE COULEUR CLASSIC METALIC COULEUR X05 "FABER CASTELL" REF:114611",2,Disabled
"1140663678","CRAYONS DE COULEUR NATURALS BOITE DE 12 PCS "FABER CASTELL" REF:115012",2,Disabled
"1140663679","CRAYONS DE COULEUR NATURALS BOITE DE 24 PCS "FABER CASTELL" REF:115024",2,Disabled
"1140663712","CRAYONS DE COULEUR CLASSIC WORLD COULEURS BOITE X10 "FABER CASTELL" REF:115802",2,Disabled
"1140663713","CRAYONS DE COULEUR CLASSIC WORLD COULEURS BOITE X22 "FABER CASTELL" REF:115803",2,Disabled
"1140663740","CRAYONS DE COULEUR CLASSIC BOITE ROND METAL X12 "FABER CASTELL" REF:115826",2,Disabled
"1140663741","CRAYONS DE COULEUR CLASSIC BOITE ROND METAL X24 "FABER CASTELL" REF:115827",2,Disabled
"1140663742","CRAYONS DE COULEUR CLASSIC BOITE ROND METAL X36 "FABER CASTELL" REF:115828",2,Disabled
"1140663721","CRAYONS DE COULEUR CLASSIC BOITE METALIC X12 "FABER CASTELL" REF:115844",2,Disabled
"1140663723","CRAYONS DE COULEUR CLASSIC BOITE METALIC X24 "FABER CASTELL" REF:115845",2,Disabled
"1140663724","CRAYONS DE COULEUR CLASSIC BOITE METALIC X36 "FABER CASTELL" REF:115846",2,Disabled
"1140663726","CRAYONS DE COULEUR CLASSIC BOITE METALIC X48 "FABER CASTELL" REF:115849",2,Disabled
"1140663680","CRAYONS DE COULEUR CLASSIC MINI BOITE DE 12 PCS "FABER CASTELL" REF:115851",2,Disabled
"1140663681","CRAYONS DE COULEUR CLASSIC BOITE DE 12 PCS "FABER CASTELL" REF:115852",2,Disabled
"1140663682","CRAYONS DE COULEUR CLASSIC BOITE DE 24 PCS "FABER CASTELL" REF:115854",2,Disabled
"1140663683","CRAYONS DE COULEUR CLASSIC BOITE DE 36 PCS "FABER CASTELL" REF:115856",2,Disabled
"1140663684","CRAYONS DE COULEUR CLASSIC BOITE DE 48 PCS "FABER CASTELL" REF:115858",2,Disabled
"1140663727","CRAYONS DE COULEUR CLASSIC BOITE METALIC X60 "FABER CASTELL" REF:115893",2,Disabled
"1140663735","CRAYONS DE COULEUR PARROT AQUAREL METAL x12 "FABER CASTELL" REF:115913",2,Disabled
"1140663736","CRAYONS DE COULEUR PARROT AQUAREL METAL x24 "FABER CASTELL" REF:115925",2,Disabled
"1140663738","CRAYONS DE COULEUR PARROT AQUAREL METAL x48 "FABER CASTELL" REF:115933",2,Disabled
"1140663737","CRAYONS DE COULEUR PARROT AQUAREL METAL x36 "FABER CASTELL" REF:115937",2,Disabled
"1140663739","CRAYONS DE COULEUR PARROT AQUAREL METAL x60 "FABER CASTELL" REF:115964",2,Disabled
"1140663716","CRAYONS DE COULEUR FISH BOITE METALIC X100 "FABER CASTELL" REF:115967",2,Disabled
"1140663696","CRAYONS DE COULEUR GRIP AQUAREL BOITE x12 "FABER CASTELL" REF:116242",2,Disabled
"1140663703","CRAYONS DE COULEUR GRIP AQUAREL BOITE x24 "FABER CASTELL" REF:116243",2,Disabled
"1140663705","CRAYONS DE COULEUR GRIP AQUAREL BOITE METAL x12 "FABER CASTELL" REF:116245",2,Disabled
"1140663706","CRAYONS DE COULEUR GRIP AQUAREL BOITE METAL x24 "FABER CASTELL" REF:116246",2,Disabled
"1140663708","CRAYONS DE COULEUR GRIP AQUAREL BOITE METAL x36 "FABER CASTELL" REF:116247",2,Disabled
"1140663746","CRAYONS GRAPHITE JUNIOR GRIP 2B BOITE METAL X50 "FABER CASTELL" REF:116250",2,Disabled
"1140663728","CRAYONS DE COULEUR GRIP BOITE DE 12 PCS "FABER CASTELL" REF:116252",2,Disabled
"1140663729","CRAYONS DE COULEUR GRIP BOITE DE 24 PCS "FABER CASTELL" REF:116253",2,Disabled
"1140663730","CRAYONS DE COULEUR GRIP BOITE METALIC X12 "FABER CASTELL" REF:116255",2,Disabled
"1140663731","CRAYONS DE COULEUR GRIP BOITE METALIC X24 "FABER CASTELL" REF:116256",2,Disabled
"1140663732","CRAYONS DE COULEUR GRIP BOITE METALIC X36 "FABER CASTELL" REF:116257",2,Disabled
"1140663710","CRAYONS DE COULEUR JUNIOR GRIP BOITE ROND METAL X50 "FABER CASTELL" REF:116258",2,Disabled
"1140663709","CRAYONS DE COULEUR JUNIOR GRIP BOITE DE 10 PCS "FABER CASTELL" REF:116260",2,Disabled
"1140663688","CRAYONS DE COULEUR JUMBO BOITE DE 12 PCS "FABER CASTELL" REF:116501",2,Disabled
"1140663689","CRAYONS DE COULEUR JUMBO BOITE DE 24 PCS "FABER CASTELL" REF:116524",2,Disabled
"1140663690","CRAYONS GRAPHITE JUNIOR GRIP 2B "FABER CASTELL" REF:116594",2,Disabled
"1140663686","CRAYONS GRAPHITE GOLDFABER 1222 HB "FABER CASTELL" REF:116800",2,Disabled
"1140663743","CRAYONS GRAPHITE GRIP 2001 HB "FABER CASTELL" REF:317000",2,Disabled
"1140663744","CRAYONS GRAPHITE GRIP 2001 2B "FABER CASTELL" REF:317002",2,Disabled
"1140663745","CRAYONS GRAPHITE GRIP 2001 HB BOITE METAL X72 "FABER CASTELL" REF:317072",2,Disabled
"1101603","boite-darchives-dos-8cm-personnalisable-en-pp-noir-techno-ref-1185",2,Disabled
"1101503","boite-darchives-dos-8cm-personnalisable-en-pp-bleu-techno-ref-1186",2,Disabled
"107999501","boite-darchives-dos-8cm-personnalisable-en-pp-rouge-techno-ref-1187",2,Disabled
"107999601","boite-darchives-dos-8cm-personnalisable-en-pp-gris-techno-ref-1188",2,Disabled
"107999701","boite-darchives-dos-8cm-personnalisable-en-pp-vert-techno-ref-1189",2,Disabled
"1140621543","ote-agrafes-techno-ref-5223",2,Disabled
"1140662428","ote-agrafes-techno-beige-ref-5223",2,Disabled
"1140662426","ote-agrafes-techno-bleu-ref-5223",2,Disabled
"1140662427","ote-agrafes-techno-noir-ref-5223",2,Disabled
"1140662425","ote-agrafes-techno-rouge-ref-5223",2,Disabled
"1140638803","agrafes-n°-10-techno-ref-6452",2,Disabled
"1140659112","Trieur de classement avec 13 compartiments Techno Ref 7434",2,Disabled
"1140662423","trieur-de-classement-beige-avec-13-compartiments-techno-ref-7434",2,Disabled
"1140662424","trieur-de-classement-bleu-avec-13-compartiments-techno-ref-7434",2,Disabled
"1140662422","trieur-de-classement-vert-militaire-avec-13-compartiments-techno-ref-7434",2,Disabled
"1140635260","boite-darchives-alveolaire-en-pp-personnalisable-bleu-techno-ref-9782",2,Disabled
"1140635261","boite-darchives-alveolaire-en-pp-personnalisable-grise-techno-ref-9783",2,Disabled
"1140635262","boite-darchives-alveolaire-en-pp-personnalisable-jaune-techno-ref-9784",2,Disabled
"1140635263","boite-darchives-alveolaire-en-pp-personnalisable-noire-techno-ref-9785",2,Disabled
"1140635264","boite-darchives-alveolaire-en-pp-personnalisable-orange-techno-ref-9786",2,Disabled
"1140635265","boite-darchives-alveolaire-en-pp-personnalisable-rouge-techno-ref-9787",2,Disabled
"1140635266","boite-darchives-alveolaire-en-pp-personnalisable-verte-techno-ref-9788",2,Disabled
"1140643675","pot-a-crayons-ice-diametre-07_5-cm-en-06-couleurs-pastel-techno-ref-9922",2,Disabled
"1140643676","pot-a-crayons-ice-diametre-07_5-cm-en-06-couleurs-techno-ref-9923",2,Disabled
"1140643677","pot-a-crayons-ice-diametre-07_5-cm-en-04-couleurs-fluo-techno-ref-9924",2,Disabled
"1140643678","pot-a-crayons-shape-diametre-07-cm-en-06-couleurs-pastel-techno-ref-9925",2,Disabled
"1140643679","pot-a-crayons-shape-diametre-07-cm-en-06-couleurs-techno-ref-9926",2,Disabled
"1140643680","pot-a-crayons-shape-diametre-07-cm-en-04-couleurs-fluo-techno-ref-9927",2,Disabled
"1140643841","pot-a-crayons-hexagonal-en-06-couleurs-pastel-techno-ref-9928",2,Disabled
"1140643842","pot-a-crayons-hexagonal-en-06-couleurs-techno-ref-9929",2,Disabled
"1140643843","pot-a-crayons-hexagonal-en-04-couleurs-fluo-techno-ref-9930",2,Disabled
"1140669239","SAC A DOS ERGONOMIQUE CHERRY COLA "TIGER FAMILY" REF: IR81-F-02",2,Disabled
"1140672337","MARQUEUR TABLEAU BLANC RECHARGEABLE TETE BISEAUTE THINK'UP POCHETTE DE 4 PIECES",2,Disabled
Export completed.
An error has happened during application run. See exception log for details.
