sku,product_websites,attribute_set_code,name,categories,short_description,description,weight,brand,country_of_manufacture,product_type,product_online,tax_class_name,visibility,qty,is_in_stock,price,color,size,material,_type,_attribute_set,_category,_configurable_variations,_super_products_sku
1140678237,base,Products,"STYLO A BILLE COOL 1.0 mm ""TECHNO""","Default Category/Tous les produits/ECRITURE & COLORIAGE/ECRITURE & CORRECTION/STYLOS ENCRE VISQUEUSE,Default Category/Tous les produits/ECRITURE & COLORIAGE/ECRITURE & CORRECTION,Default Category/Tous les produits/ECRITURE & COLORIAGE,Default Category/Tous les produits,Default Category/Tous les produits/BUREAUTIQUE & INFORMATIQUE/ECRITURE & CORRECTION/STYLOS ENCRE VISQUEUSE,Default Category/Tous les produits/BUREAUTIQUE & INFORMATIQUE/ECRITURE & CORRECTION,Default Category/Tous les produits/BUREAUTIQUE & INFORMATIQUE,Default Category/Tous les produits/SCOLAIRE/ECRITURE & CORRECTION/STYLOS ENCRE VISQUEUSE,Default Category/Tous les produits/SCOLAIRE/ECRITURE & CORRECTION,Default Category/Tous les produits/SCOLAIRE","Stylo à bille TECHNO COOL à encre visqueuse, pointe 1.0 mm, avec grip triangulaire pour une prise en main confortable. Écriture fluide et séchage rapide","Le stylo à bille TECHNO COOL est conçu pour un usage quotidien intensif, aussi bien à l'école qu'au bureau. Son grip triangulaire ergonomique assure un confort optimal et un meilleur contrôle lors de l'écriture.

Doté d'une encre bleue visqueuse de haute qualité, il offre une écriture fluide, nette et à séchage rapide. Sa pointe moyenne de 1.0 mm garantit un tracé régulier et agréable.
Un choix fiable pour les élèves, étudiants et professionnels.

Caractéristiques :

Type : Stylo à bille

Couleur : Bleu/ Noir/ Vert/ Rouge

Pointe : Medium 1.0 mm

Encre : Visqueuse, écriture fluide, séchage rapide

Forme : Grip triangulaire ergonomique

Références : 9798/ 9799/ 9800/ 9804/

Conditionnement : Boîte de 50 pièces

Origine : 🇩🇿 Fabriqué en Algérie",,TECHNO,,configurable,2,Taxable Goods,search,999,1,0,Bleu/Noir/Vert/Rouge,,,"configurable",Products,"Default Category/Tous les produits/ECRITURE & COLORIAGE/ECRITURE & CORRECTION/STYLOS ENCRE VISQUEUSE,Default Category/Tous les produits/ECRITURE & COLORIAGE/ECRITURE & CORRECTION,Default Category/Tous les produits/ECRITURE & COLORIAGE,Default Category/Tous les produits,Default Category/Tous les produits/BUREAUTIQUE & INFORMATIQUE/ECRITURE & CORRECTION/STYLOS ENCRE VISQUEUSE,Default Category/Tous les produits/BUREAUTIQUE & INFORMATIQUE/ECRITURE & CORRECTION,Default Category/Tous les produits/BUREAUTIQUE & INFORMATIQUE,Default Category/Tous les produits/SCOLAIRE/ECRITURE & CORRECTION/STYLOS ENCRE VISQUEUSE,Default Category/Tous les produits/SCOLAIRE/ECRITURE & CORRECTION,Default Category/Tous les produits/SCOLAIRE",color:9798/9799/9800/9804,"9798,9799,9800,9804"
,base,Products,"STYLO A BILLE COOL 1.0 mm BLEU ""TECHNO"" REF: 9798","Default Category/Tous les produits/ECRITURE & COLORIAGE/ECRITURE & CORRECTION/STYLOS ENCRE VISQUEUSE,Default Category/Tous les produits/ECRITURE & COLORIAGE/ECRITURE & CORRECTION,Default Category/Tous les produits/ECRITURE & COLORIAGE,Default Category/Tous les produits,Default Category/Tous les produits/BUREAUTIQUE & INFORMATIQUE/ECRITURE & CORRECTION/STYLOS ENCRE VISQUEUSE,Default Category/Tous les produits/BUREAUTIQUE & INFORMATIQUE/ECRITURE & CORRECTION,Default Category/Tous les produits/BUREAUTIQUE & INFORMATIQUE,Default Category/Tous les produits/SCOLAIRE/ECRITURE & CORRECTION/STYLOS ENCRE VISQUEUSE,Default Category/Tous les produits/SCOLAIRE/ECRITURE & CORRECTION,Default Category/Tous les produits/SCOLAIRE","Stylo à bille TECHNO COOL à encre BLUE, pointe 1.0 mm, avec grip triangulaire pour une prise en main confortable. Écriture fluide et séchage rapide. Boîte de 50 stylos. Fabriqué en Algérie.","Le stylo à bille TECHNO COOL est conçu pour un usage quotidien intensif, aussi bien à l'école qu'au bureau. Son grip triangulaire ergonomique assure un confort optimal et un meilleur contrôle lors de l'écriture.

Doté d'une encre bleue visqueuse de haute qualité, il offre une écriture fluide, nette et à séchage rapide. Sa pointe moyenne de 1.0 mm garantit un tracé régulier et agréable.
Un choix fiable pour les élèves, étudiants et professionnels.

Caractéristiques :

Type : Stylo à bille

Couleur : Bleu

Pointe : Medium 1.0 mm

Encre : Visqueuse, écriture fluide, séchage rapide

Forme : Grip triangulaire ergonomique

Référence : 9798

Conditionnement : Boîte de 50 pièces

Origine : 🇩🇿 Fabriqué en Algérie",7,TECHNO,ALGERIA,simple,2,Taxable Goods,search,999,1,0,BLEU,,,"simple",Products,"Default Category/Tous les produits/ECRITURE & COLORIAGE/ECRITURE & CORRECTION/STYLOS ENCRE VISQUEUSE,Default Category/Tous les produits/ECRITURE & COLORIAGE/ECRITURE & CORRECTION,Default Category/Tous les produits/ECRITURE & COLORIAGE,Default Category/Tous les produits,Default Category/Tous les produits/BUREAUTIQUE & INFORMATIQUE/ECRITURE & CORRECTION/STYLOS ENCRE VISQUEUSE,Default Category/Tous les produits/BUREAUTIQUE & INFORMATIQUE/ECRITURE & CORRECTION,Default Category/Tous les produits/BUREAUTIQUE & INFORMATIQUE,Default Category/Tous les produits/SCOLAIRE/ECRITURE & CORRECTION/STYLOS ENCRE VISQUEUSE,Default Category/Tous les produits/SCOLAIRE/ECRITURE & CORRECTION,Default Category/Tous les produits/SCOLAIRE",,
1140665420,base,Products,"STYLO A BILLE COOL 1.0 mm ROUGE ""TECHNO"" REF: 9799","Default Category/Tous les produits/ECRITURE & COLORIAGE/ECRITURE & CORRECTION/STYLOS ENCRE VISQUEUSE,Default Category/Tous les produits/ECRITURE & COLORIAGE/ECRITURE & CORRECTION,Default Category/Tous les produits/ECRITURE & COLORIAGE,Default Category/Tous les produits,Default Category/Tous les produits/BUREAUTIQUE & INFORMATIQUE/ECRITURE & CORRECTION/STYLOS ENCRE VISQUEUSE,Default Category/Tous les produits/BUREAUTIQUE & INFORMATIQUE/ECRITURE & CORRECTION,Default Category/Tous les produits/BUREAUTIQUE & INFORMATIQUE,Default Category/Tous les produits/SCOLAIRE/ECRITURE & CORRECTION/STYLOS ENCRE VISQUEUSE,Default Category/Tous les produits/SCOLAIRE/ECRITURE & CORRECTION,Default Category/Tous les produits/SCOLAIRE","Stylo à bille TECHNO COOL à encre ROUGE, pointe 1.0 mm, avec grip triangulaire pour une prise en main confortable. Écriture fluide et séchage rapide. Boîte de 50 stylos. Fabriqué en Algérie.","Le stylo à bille TECHNO COOL est conçu pour un usage quotidien intensif, aussi bien à l'école qu'au bureau. Son grip triangulaire ergonomique assure un confort optimal et un meilleur contrôle lors de l'écriture.

Doté d'une encre bleue visqueuse de haute qualité, il offre une écriture fluide, nette et à séchage rapide. Sa pointe moyenne de 1.0 mm garantit un tracé régulier et agréable.
Un choix fiable pour les élèves, étudiants et professionnels.

Caractéristiques :

Type : Stylo à bille

Couleur : Rouge

Pointe : Medium 1.0 mm

Encre : Visqueuse, écriture fluide, séchage rapide

Forme : Grip triangulaire ergonomique

Référence : 9799

Conditionnement : Boîte de 50 pièces

Origine : 🇩🇿 Fabriqué en Algérie",7,TECHNO,ALGERIA,simple,2,Taxable Goods,search,999,1,0,ROUGE,,,"simple",Products,"Default Category/Tous les produits/ECRITURE & COLORIAGE/ECRITURE & CORRECTION/STYLOS ENCRE VISQUEUSE,Default Category/Tous les produits/ECRITURE & COLORIAGE/ECRITURE & CORRECTION,Default Category/Tous les produits/ECRITURE & COLORIAGE,Default Category/Tous les produits,Default Category/Tous les produits/BUREAUTIQUE & INFORMATIQUE/ECRITURE & CORRECTION/STYLOS ENCRE VISQUEUSE,Default Category/Tous les produits/BUREAUTIQUE & INFORMATIQUE/ECRITURE & CORRECTION,Default Category/Tous les produits/BUREAUTIQUE & INFORMATIQUE,Default Category/Tous les produits/SCOLAIRE/ECRITURE & CORRECTION/STYLOS ENCRE VISQUEUSE,Default Category/Tous les produits/SCOLAIRE/ECRITURE & CORRECTION,Default Category/Tous les produits/SCOLAIRE",,
1140665421,base,Products,"STYLO A BILLE COOL 1.0 mm NOIR ""TECHNO"" REF: 9800","Default Category/Tous les produits/ECRITURE & COLORIAGE/ECRITURE & CORRECTION/STYLOS ENCRE VISQUEUSE,Default Category/Tous les produits/ECRITURE & COLORIAGE/ECRITURE & CORRECTION,Default Category/Tous les produits/ECRITURE & COLORIAGE,Default Category/Tous les produits,Default Category/Tous les produits/BUREAUTIQUE & INFORMATIQUE/ECRITURE & CORRECTION/STYLOS ENCRE VISQUEUSE,Default Category/Tous les produits/BUREAUTIQUE & INFORMATIQUE/ECRITURE & CORRECTION,Default Category/Tous les produits/BUREAUTIQUE & INFORMATIQUE,Default Category/Tous les produits/SCOLAIRE/ECRITURE & CORRECTION/STYLOS ENCRE VISQUEUSE,Default Category/Tous les produits/SCOLAIRE/ECRITURE & CORRECTION,Default Category/Tous les produits/SCOLAIRE","Stylo à bille TECHNO COOL à encre NOIR, pointe 1.0 mm, avec grip triangulaire pour une prise en main confortable. Écriture fluide et séchage rapide. Boîte de 50 stylos. Fabriqué en Algérie.","Le stylo à bille TECHNO COOL est conçu pour un usage quotidien intensif, aussi bien à l'école qu'au bureau. Son grip triangulaire ergonomique assure un confort optimal et un meilleur contrôle lors de l'écriture.

Doté d'une encre bleue visqueuse de haute qualité, il offre une écriture fluide, nette et à séchage rapide. Sa pointe moyenne de 1.0 mm garantit un tracé régulier et agréable.
Un choix fiable pour les élèves, étudiants et professionnels.

Caractéristiques :

Type : Stylo à bille

Couleur : Noir

Pointe : Medium 1.0 mm

Encre : Visqueuse, écriture fluide, séchage rapide

Forme : Grip triangulaire ergonomique

Référence : 9800

Conditionnement : Boîte de 50 pièces

Origine : 🇩🇿 Fabriqué en Algérie",7,TECHNO,ALGERIA,simple,2,Taxable Goods,search,999,1,0,NOIR,,,"simple",Products,"Default Category/Tous les produits/ECRITURE & COLORIAGE/ECRITURE & CORRECTION/STYLOS ENCRE VISQUEUSE,Default Category/Tous les produits/ECRITURE & COLORIAGE/ECRITURE & CORRECTION,Default Category/Tous les produits/ECRITURE & COLORIAGE,Default Category/Tous les produits,Default Category/Tous les produits/BUREAUTIQUE & INFORMATIQUE/ECRITURE & CORRECTION/STYLOS ENCRE VISQUEUSE,Default Category/Tous les produits/BUREAUTIQUE & INFORMATIQUE/ECRITURE & CORRECTION,Default Category/Tous les produits/BUREAUTIQUE & INFORMATIQUE,Default Category/Tous les produits/SCOLAIRE/ECRITURE & CORRECTION/STYLOS ENCRE VISQUEUSE,Default Category/Tous les produits/SCOLAIRE/ECRITURE & CORRECTION,Default Category/Tous les produits/SCOLAIRE",,
1140665422,base,Products,"STYLO A BILLE COOL 1.0 mm VERT ""TECHNO"" REF: 9804","Default Category/Tous les produits/ECRITURE & COLORIAGE/ECRITURE & CORRECTION/STYLOS ENCRE VISQUEUSE,Default Category/Tous les produits/ECRITURE & COLORIAGE/ECRITURE & CORRECTION,Default Category/Tous les produits/ECRITURE & COLORIAGE,Default Category/Tous les produits,Default Category/Tous les produits/BUREAUTIQUE & INFORMATIQUE/ECRITURE & CORRECTION/STYLOS ENCRE VISQUEUSE,Default Category/Tous les produits/BUREAUTIQUE & INFORMATIQUE/ECRITURE & CORRECTION,Default Category/Tous les produits/BUREAUTIQUE & INFORMATIQUE,Default Category/Tous les produits/SCOLAIRE/ECRITURE & CORRECTION/STYLOS ENCRE VISQUEUSE,Default Category/Tous les produits/SCOLAIRE/ECRITURE & CORRECTION,Default Category/Tous les produits/SCOLAIRE","Stylo à bille TECHNO COOL à encre VERT, pointe 1.0 mm, avec grip triangulaire pour une prise en main confortable. Écriture fluide et séchage rapide. Boîte de 50 stylos. Fabriqué en Algérie.","Le stylo à bille TECHNO COOL est conçu pour un usage quotidien intensif, aussi bien à l'école qu'au bureau. Son grip triangulaire ergonomique assure un confort optimal et un meilleur contrôle lors de l'écriture.

Doté d'une encre bleue visqueuse de haute qualité, il offre une écriture fluide, nette et à séchage rapide. Sa pointe moyenne de 1.0 mm garantit un tracé régulier et agréable.
Un choix fiable pour les élèves, étudiants et professionnels.

Caractéristiques :

Type : Stylo à bille

Couleur : Vert

Pointe : Medium 1.0 mm

Encre : Visqueuse, écriture fluide, séchage rapide

Forme : Grip triangulaire ergonomique

Référence : 9804

Conditionnement : Boîte de 50 pièces

Origine : 🇩🇿 Fabriqué en Algérie",7,TECHNO,ALGERIA,simple,2,Taxable Goods,search,999,1,0,VERT,,,"simple",Products,"Default Category/Tous les produits/ECRITURE & COLORIAGE/ECRITURE & CORRECTION/STYLOS ENCRE VISQUEUSE,Default Category/Tous les produits/ECRITURE & COLORIAGE/ECRITURE & CORRECTION,Default Category/Tous les produits/ECRITURE & COLORIAGE,Default Category/Tous les produits,Default Category/Tous les produits/BUREAUTIQUE & INFORMATIQUE/ECRITURE & CORRECTION/STYLOS ENCRE VISQUEUSE,Default Category/Tous les produits/BUREAUTIQUE & INFORMATIQUE/ECRITURE & CORRECTION,Default Category/Tous les produits/BUREAUTIQUE & INFORMATIQUE,Default Category/Tous les produits/SCOLAIRE/ECRITURE & CORRECTION/STYLOS ENCRE VISQUEUSE,Default Category/Tous les produits/SCOLAIRE/ECRITURE & CORRECTION,Default Category/Tous les produits/SCOLAIRE",,