sku,name,country_of_manufacture,description,short_description,weight,additional_attributes,categories,product_type,attribute_set_code,product_websites,product_online,tax_class_name,visibility,price,qty,is_in_stock,variantes,PrepareConfiguration,configurable_variations
1140669840,"PORTE REVUES SAUMON MORANDI ""TECHNO"" REF: 70796",ALGERIA,"Le porte-revues SAUMON MORANDI est la solution parfaite pour garder votre espace organisé. Compatible avec les documents A4, il permet un rangement vertical pratique et gain de place.
 
 Sa structure solide garantit une bonne stabilité, tandis que son design moderne s’intègre harmonieusement dans tout environnement professionnel ou domestique.
 
 - Adapté aux documents A4
 - Structure robuste
 - Gain de place
 - Idéal pour bureau, bibliothèque ou espace d’étude","Porte-revues SAUMON MORANDI, idéal pour organiser magazines, dossiers et documents A4. Design moderne et couleurs élégantes.",0.2625,"mgs_brand=TECHNO,techno_ref=70796,color=SAUMON MORANDI","Ecriture, Correction & Coloria",simple,Products,base,2,Taxable Goods,search,0,999,1,,"sku=1140669840,color=SAUMON MORANDI",
1140669839,"PORTE REVUES ROSE MORANDI ""TECHNO"" REF: 70795",ALGERIA,"Le porte-revues ROSE MORANDI est la solution parfaite pour garder votre espace organisé. Compatible avec les documents A4, il permet un rangement vertical pratique et gain de place.
 
 Sa structure solide garantit une bonne stabilité, tandis que son design moderne s’intègre harmonieusement dans tout environnement professionnel ou domestique.
 
 - Adapté aux documents A4
 - Structure robuste
 - Gain de place
 - Idéal pour bureau, bibliothèque ou espace d’étude","Porte-revues ROSE MORANDI, idéal pour organiser magazines, dossiers et documents A4. Design moderne et couleurs élégantes.",0.2625,"mgs_brand=TECHNO,techno_ref=70795,color=ROSE MORANDI","Ecriture, Correction & Coloria",simple,Products,base,2,Taxable Goods,search,0,999,1,,"sku=1140669839,color=ROSE MORANDI",
1140669838,"PORTE REVUES MARRON MORANDI ""TECHNO"" REF: 70794",ALGERIA,"Le porte-revues MARRON MORANDI est la solution parfaite pour garder votre espace organisé. Compatible avec les documents A4, il permet un rangement vertical pratique et gain de place.
 
 Sa structure solide garantit une bonne stabilité, tandis que son design moderne s’intègre harmonieusement dans tout environnement professionnel ou domestique.
 
 - Adapté aux documents A4
 - Structure robuste
 - Gain de place
 - Idéal pour bureau, bibliothèque ou espace d’étude","Porte-revues MARRON MORANDI, idéal pour organiser magazines, dossiers et documents A4. Design moderne et couleurs élégantes.",0.2625,"mgs_brand=TECHNO,techno_ref=70794,color=MARRON MORANDI","Ecriture, Correction & Coloria",simple,Products,base,2,Taxable Goods,search,0,999,1,,"sku=1140669838,color=MARRON MORANDI",
1140669837,"PORTE REVUES VERT MORANDI ""TECHNO"" REF: 70793",ALGERIA,"Le porte-revues VERT MORANDI est la solution parfaite pour garder votre espace organisé. Compatible avec les documents A4, il permet un rangement vertical pratique et gain de place.
 
 Sa structure solide garantit une bonne stabilité, tandis que son design moderne s’intègre harmonieusement dans tout environnement professionnel ou domestique.
 
 - Adapté aux documents A4
 - Structure robuste
 - Gain de place
 - Idéal pour bureau, bibliothèque ou espace d’étude","Porte-revues VERT MORANDI, idéal pour organiser magazines, dossiers et documents A4. Design moderne et couleurs élégantes.",0.2625,"mgs_brand=TECHNO,techno_ref=70793,color=VERT MORANDI","Ecriture, Correction & Coloria",simple,Products,base,2,Taxable Goods,search,0,999,1,,"sku=1140669837,color=VERT MORANDI",
1140669836,"PORTE REVUES GRIS MORANDI ""TECHNO"" REF: 70792",ALGERIA,"Le porte-revues GRIS MORANDI est la solution parfaite pour garder votre espace organisé. Compatible avec les documents A4, il permet un rangement vertical pratique et gain de place.
 
 Sa structure solide garantit une bonne stabilité, tandis que son design moderne s’intègre harmonieusement dans tout environnement professionnel ou domestique.
 
 - Adapté aux documents A4
 - Structure robuste
 - Gain de place
 - Idéal pour bureau, bibliothèque ou espace d’étude","Porte-revues GRIS MORANDI, idéal pour organiser magazines, dossiers et documents A4. Design moderne et couleurs élégantes.",0.2625,"mgs_brand=TECHNO,techno_ref=70792,color=GRIS MORANDI","Ecriture, Correction & Coloria",simple,Products,base,2,Taxable Goods,search,0,999,1,,"sku=1140669836,color=GRIS MORANDI",
1140669835,"PORTE REVUES BLANC MORANDI ""TECHNO"" REF: 70791",ALGERIA,"Le porte-revues BLANC MORANDI est la solution parfaite pour garder votre espace organisé. Compatible avec les documents A4, il permet un rangement vertical pratique et gain de place.
 
 Sa structure solide garantit une bonne stabilité, tandis que son design moderne s’intègre harmonieusement dans tout environnement professionnel ou domestique.
 
 - Adapté aux documents A4
 - Structure robuste
 - Gain de place
 - Idéal pour bureau, bibliothèque ou espace d’étude","Porte-revues BLANC MORANDI, idéal pour organiser magazines, dossiers et documents A4. Design moderne et couleurs élégantes.",0.2625,"mgs_brand=TECHNO,techno_ref=70791,color=BLANC MORANDI","Ecriture, Correction & Coloria",simple,Products,base,2,Taxable Goods,search,0,999,1,,"sku=1140669835,color=BLANC MORANDI",
1140669846,"CORBEILLE A COURRIERS EN PLASTIQUE SAUMON MORANDI ""TECHNO"" REF: 70901",ALGERIA,"Corbeille à courriers empilable SAUMON MORANDI permet une organisation optimale de vos papiers au quotidien.
 
 Son système empilable facilite le classement multi-niveaux et maximise l’espace de travail. Fabriqué en plastique résistant, il garantit une longue durée d’utilisation.
 
 - Empilable et modulable
 - Compatible format A4
 - Design moderne et couleurs tendance
 - Idéal pour bureaux professionnels et usage domestique","Corbeille à courriers SAUMON MORANDI, empilable pour organiser vos dossiers et papiers. Solution pratique et élégante pour bureau moderne.",0.2625,"mgs_brand=TECHNO,techno_ref=70901,color=SAUMON MORANDI","Ecriture, Correction & Coloria",simple,Products,base,2,Taxable Goods,search,0,999,1,,"sku=1140669846,color=SAUMON MORANDI",
1140669845,"CORBEILLE A COURRIERS EN PLASTIQUE ROSE MORANDI ""TECHNO"" REF: 70830",ALGERIA,"Corbeille à courriers empilable ROSE MORANDI permet une organisation optimale de vos papiers au quotidien.
 
 Son système empilable facilite le classement multi-niveaux et maximise l’espace de travail. Fabriqué en plastique résistant, il garantit une longue durée d’utilisation.
 
 - Empilable et modulable
 - Compatible format A4
 - Design moderne et couleurs tendance
 - Idéal pour bureaux professionnels et usage domestique","Corbeille à courriers ROSE MORANDI, empilable pour organiser vos dossiers et papiers. Solution pratique et élégante pour bureau moderne.",0.2625,"mgs_brand=TECHNO,techno_ref=70830,color=ROSE MORANDI","Ecriture, Correction & Coloria",simple,,base,2,Taxable Goods,search,0,999,1,,"sku=1140669845,color=ROSE MORANDI",
1140669844,"CORBEILLE A COURRIERS EN PLASTIQUE MARRON MORANDI ""TECHNO"" REF: 70817",ALGERIA,"Corbeille à courriers empilable MARRON MORANDI permet une organisation optimale de vos papiers au quotidien.
 
 Son système empilable facilite le classement multi-niveaux et maximise l’espace de travail. Fabriqué en plastique résistant, il garantit une longue durée d’utilisation.
 
 - Empilable et modulable
 - Compatible format A4
 - Design moderne et couleurs tendance
 - Idéal pour bureaux professionnels et usage domestique","Corbeille à courriers MARRON MORANDI, empilable pour organiser vos dossiers et papiers. Solution pratique et élégante pour bureau moderne.",0.2625,"mgs_brand=TECHNO,techno_ref=70817,color=MARRON MORANDI",,simple,,base,2,Taxable Goods,search,0,999,1,,"sku=1140669844,color=MARRON MORANDI",
1140669843,"CORBEILLE A COURRIERS EN PLASTIQUE VERT MORANDI ""TECHNO"" REF: 70799",ALGERIA,"Corbeille à courriers empilable VERT MORANDI permet une organisation optimale de vos papiers au quotidien.
 
 Son système empilable facilite le classement multi-niveaux et maximise l’espace de travail. Fabriqué en plastique résistant, il garantit une longue durée d’utilisation.
 
 - Empilable et modulable
 - Compatible format A4
 - Design moderne et couleurs tendance
 - Idéal pour bureaux professionnels et usage domestique","Corbeille à courriers VERT MORANDI, empilable pour organiser vos dossiers et papiers. Solution pratique et élégante pour bureau moderne.",0.2625,"mgs_brand=TECHNO,techno_ref=70799,color=VERT MORANDI",,simple,,base,2,Taxable Goods,search,0,999,1,,"sku=1140669843,color=VERT MORANDI",
1140669842,"CORBEILLE A COURRIERS EN PLASTIQUE GRIS MORANDI ""TECHNO"" REF: 70798",ALGERIA,"Corbeille à courriers empilable GRIS MORANDI permet une organisation optimale de vos papiers au quotidien.
 
 Son système empilable facilite le classement multi-niveaux et maximise l’espace de travail. Fabriqué en plastique résistant, il garantit une longue durée d’utilisation.
 
 - Empilable et modulable
 - Compatible format A4
 - Design moderne et couleurs tendance
 - Idéal pour bureaux professionnels et usage domestique","Corbeille à courriers GRIS MORANDI, empilable pour organiser vos dossiers et papiers. Solution pratique et élégante pour bureau moderne.",0.2625,"mgs_brand=TECHNO,techno_ref=70798,color=GRIS MORANDI",,simple,,base,2,Taxable Goods,search,0,999,1,,"sku=1140669842,color=GRIS MORANDI",
1140669841,"CORBEILLE A COURRIERS EN PLASTIQUE BLANC MORANDI ""TECHNO"" REF: 70797",ALGERIA,"Corbeille à courriers empilable BLANC MORANDI permet une organisation optimale de vos papiers au quotidien.
 
 Son système empilable facilite le classement multi-niveaux et maximise l’espace de travail. Fabriqué en plastique résistant, il garantit une longue durée d’utilisation.
 
 - Empilable et modulable
 - Compatible format A4
 - Design moderne et couleurs tendance
 - Idéal pour bureaux professionnels et usage domestique","Corbeille à courriers BLANC MORANDI, empilable pour organiser vos dossiers et papiers. Solution pratique et élégante pour bureau moderne.",0.2625,"mgs_brand=TECHNO,techno_ref=70797,color=BLANC MORANDI",,simple,,base,2,Taxable Goods,search,0,999,1,,"sku=1140669841,color=BLANC MORANDI",
1140669858,"CORBEILLE A PAPIER GM 11L SAUMON MORANDI ""TECHNO"" REF: 70917",ALGERIA,"La corbeille à papier SAUMON MORANDI combine praticité et élégance. Conçue en plastique robuste, elle offre une excellente résistance à l’usage quotidien.
 
 Disponible en deux capacités (11L et 16L), elle s’adapte parfaitement aux espaces professionnels, scolaires ou domestiques.
 
 Sa palette de couleurs modernes apporte une touche esthétique discrète à votre environnement de travail.
 
 - Design aéré et moderne
 - Matière durable et facile à nettoyer
 - Légère et stable
 - Idéale pour bureau, chambre et salle d’étude","Corbeille à papier SAUMON MORANDI au design moderne et aux couleurs élégantes. Disponible en 11L idéale pour bureau, école ou maison. Plastique résistant et finition soignée.",0.2753333,"mgs_brand=TECHNO,techno_ref=70917,color=SAUMON MORANDI",,simple,,base,2,Taxable Goods,search,0,999,1,,"sku=1140669858,color=SAUMON MORANDI",
1140669857,"CORBEILLE A PAPIER GM 11L ROSE MORANDI ""TECHNO"" REF: 70916",ALGERIA,"La corbeille à papier ROSE MORANDI combine praticité et élégance. Conçue en plastique robuste, elle offre une excellente résistance à l’usage quotidien.
 
 Disponible en deux capacités (11L et 16L), elle s’adapte parfaitement aux espaces professionnels, scolaires ou domestiques.
 
 Sa palette de couleurs modernes apporte une touche esthétique discrète à votre environnement de travail.
 
 - Design aéré et moderne
 - Matière durable et facile à nettoyer
 - Légère et stable
 - Idéale pour bureau, chambre et salle d’étude","Corbeille à papier ROSE MORANDI au design moderne et aux couleurs élégantes. Disponible en 11L idéale pour bureau, école ou maison. Plastique résistant et finition soignée.",0.2753333,"mgs_brand=TECHNO,techno_ref=70916,color=ROSE MORANDI",,simple,,base,2,Taxable Goods,search,0,999,1,,"sku=1140669857,color= ROSE MORANDI",
1140669856,"CORBEILLE A PAPIER GM 11L MARRON MORANDI ""TECHNO"" REF: 70915",ALGERIA,"La corbeille à papier MARRON MORANDI combine praticité et élégance. Conçue en plastique robuste, elle offre une excellente résistance à l’usage quotidien.
 
 Disponible en deux capacités (11L et 16L), elle s’adapte parfaitement aux espaces professionnels, scolaires ou domestiques.
 
 Sa palette de couleurs modernes apporte une touche esthétique discrète à votre environnement de travail.
 
 - Design aéré et moderne
 - Matière durable et facile à nettoyer
 - Légère et stable
 - Idéale pour bureau, chambre et salle d’étude","Corbeille à papier MARRON MORANDI au design moderne et aux couleurs élégantes. Disponible en 11L idéale pour bureau, école ou maison. Plastique résistant et finition soignée.",0.2753333,"mgs_brand=TECHNO,techno_ref=70915,color=MARRON MORANDI",,simple,,base,2,Taxable Goods,search,0,999,1,,"sku=1140669856,color=MARRON MORANDI",
1140669855,"CORBEILLE A PAPIER GM 11L VERT MORANDI ""TECHNO"" REF: 70914",ALGERIA,"La corbeille à papier VERT MORANDI combine praticité et élégance. Conçue en plastique robuste, elle offre une excellente résistance à l’usage quotidien.
 
 Disponible en deux capacités (11L et 16L), elle s’adapte parfaitement aux espaces professionnels, scolaires ou domestiques.
 
 Sa palette de couleurs modernes apporte une touche esthétique discrète à votre environnement de travail.
 
 - Design aéré et moderne
 - Matière durable et facile à nettoyer
 - Légère et stable
 - Idéale pour bureau, chambre et salle d’étude","Corbeille à papier VERT MORANDI au design moderne et aux couleurs élégantes. Disponible en 11L idéale pour bureau, école ou maison. Plastique résistant et finition soignée.",0.2753333,"mgs_brand=TECHNO,techno_ref=70914,color=VERT MORANDI",,simple,,base,2,Taxable Goods,search,0,999,1,,"sku=1140669855,color=VERT MORANDI",
1140669854,"CORBEILLE A PAPIER GM 11L GRIS MORANDI ""TECHNO"" REF: 70913",ALGERIA,"La corbeille à papier GRIS MORANDI combine praticité et élégance. Conçue en plastique robuste, elle offre une excellente résistance à l’usage quotidien.
 
 Disponible en deux capacités (11L et 16L), elle s’adapte parfaitement aux espaces professionnels, scolaires ou domestiques.
 
 Sa palette de couleurs modernes apporte une touche esthétique discrète à votre environnement de travail.
 
 - Design aéré et moderne
 - Matière durable et facile à nettoyer
 - Légère et stable
 - Idéale pour bureau, chambre et salle d’étude","Corbeille à papier GRIS MORANDI au design moderne et aux couleurs élégantes. Disponible en 11L idéale pour bureau, école ou maison. Plastique résistant et finition soignée.",0.2753333,"mgs_brand=TECHNO,techno_ref=70913,color=GRIS MORANDI",,simple,,base,2,Taxable Goods,search,0,999,1,,"sku=1140669854,color=GRIS MORANDI",
1140669853,"CORBEILLE A PAPIER GM 11L BLANC MORANDI ""TECHNO"" REF: 70912",ALGERIA,"La corbeille à papier BLANC MORANDI combine praticité et élégance. Conçue en plastique robuste, elle offre une excellente résistance à l’usage quotidien.
 
 Disponible en deux capacités (11L et 16L), elle s’adapte parfaitement aux espaces professionnels, scolaires ou domestiques.
 
 Sa palette de couleurs modernes apporte une touche esthétique discrète à votre environnement de travail.
 
 - Design aéré et moderne
 - Matière durable et facile à nettoyer
 - Légère et stable
 - Idéale pour bureau, chambre et salle d’étude","Corbeille à papier BLANC MORANDI au design moderne et aux couleurs élégantes. Disponible en 11L idéale pour bureau, école ou maison. Plastique résistant et finition soignée.",0.2753333,"mgs_brand=TECHNO,techno_ref=70912,color=BLANC MORANDI",,simple,,base,2,Taxable Goods,search,0,999,1,,"sku=1140669853,color=BLANC MORANDI",
1140669852,"CORBEILLE A PAPIER GM 16L SAUMON MORANDI ""TECHNO"" REF: 70911",ALGERIA,"La corbeille à papier SAUMON MORANDI combine praticité et élégance. Conçue en plastique robuste, elle offre une excellente résistance à l’usage quotidien.
 
 Disponible en deux capacités (11L et 16L), elle s’adapte parfaitement aux espaces professionnels, scolaires ou domestiques.
 
 Sa palette de couleurs modernes apporte une touche esthétique discrète à votre environnement de travail.
 
 - Design aéré et moderne
 - Matière durable et facile à nettoyer
 - Légère et stable
 - Idéale pour bureau, chambre et salle d’étude","Corbeille à papier SAUMON MORANDI au design moderne et aux couleurs élégantes. Disponible en 16L idéale pour bureau, école ou maison.
 Plastique résistant et finition soignée.",0.31,"mgs_brand=TECHNO,techno_ref=70911,color=SAUMON MORANDI",,simple,,base,2,Taxable Goods,search,0,999,1,,"sku=1140669852,color=SAUMON MORANDI",
1140669851,"CORBEILLE A PAPIER GM 16L ROSE MORANDI ""TECHNO"" REF: 70906",ALGERIA,"La corbeille à papier ROSE MORANDI combine praticité et élégance. Conçue en plastique robuste, elle offre une excellente résistance à l’usage quotidien.
 
 Disponible en deux capacités (11L et 16L), elle s’adapte parfaitement aux espaces professionnels, scolaires ou domestiques.
 
 Sa palette de couleurs modernes apporte une touche esthétique discrète à votre environnement de travail.
 
 - Design aéré et moderne
 - Matière durable et facile à nettoyer
 - Légère et stable
 - Idéale pour bureau, chambre et salle d’étude","Corbeille à papier ROSE MORANDI au design moderne et aux couleurs élégantes. Disponible en 16L idéale pour bureau, école ou maison. Plastique résistant et finition soignée.",0.31,"mgs_brand=TECHNO,techno_ref=70906,color=ROSE MORANDI",,simple,,base,2,Taxable Goods,search,0,999,1,,"sku=1140669851,color=ROSE MORANDI",
1140669850,"CORBEILLE A PAPIER GM 16L MARRON MORANDI ""TECHNO"" REF: 70905",ALGERIA,"La corbeille à papier MARRON MORANDI combine praticité et élégance. Conçue en plastique robuste, elle offre une excellente résistance à l’usage quotidien.
 
 Disponible en deux capacités (11L et 16L), elle s’adapte parfaitement aux espaces professionnels, scolaires ou domestiques.
 
 Sa palette de couleurs modernes apporte une touche esthétique discrète à votre environnement de travail.
 
 - Design aéré et moderne
 - Matière durable et facile à nettoyer
 - Légère et stable
 - Idéale pour bureau, chambre et salle d’étude","Corbeille à papier MARRON MORANDI au design moderne et aux couleurs élégantes. Disponible en 16L idéale pour bureau, école ou maison. Plastique résistant et finition soignée.",0.31,"mgs_brand=TECHNO,techno_ref=70905,color=MARRON MORANDI",,simple,,base,2,Taxable Goods,search,0,999,1,,"sku=1140669850,color=MARRON MORANDI",
1140669849,"CORBEILLE A PAPIER GM 16L VERT MORANDI ""TECHNO"" REF: 70904",ALGERIA,"La corbeille à papier VERT MORANDI combine praticité et élégance. Conçue en plastique robuste, elle offre une excellente résistance à l’usage quotidien.
 
 Disponible en deux capacités (11L et 16L), elle s’adapte parfaitement aux espaces professionnels, scolaires ou domestiques.
 
 Sa palette de couleurs modernes apporte une touche esthétique discrète à votre environnement de travail.
 
 - Design aéré et moderne
 - Matière durable et facile à nettoyer
 - Légère et stable
 - Idéale pour bureau, chambre et salle d’étude","Corbeille à papier VERT MORANDI au design moderne et aux couleurs élégantes. Disponible en 16L idéale pour bureau, école ou maison. Plastique résistant et finition soignée.",0.31,"mgs_brand=TECHNO,techno_ref=70904,color=VERT MORANDI",,simple,,base,2,Taxable Goods,search,0,999,1,,"sku=1140669849,color=VERT MORANDI",
1140669848,"CORBEILLE A PAPIER GM 16L GRIS MORANDI ""TECHNO"" REF: 70903",ALGERIA,"La corbeille à papier GRIS MORANDI combine praticité et élégance. Conçue en plastique robuste, elle offre une excellente résistance à l’usage quotidien.
 
 Disponible en deux capacités (11L et 16L), elle s’adapte parfaitement aux espaces professionnels, scolaires ou domestiques.
 
 Sa palette de couleurs modernes apporte une touche esthétique discrète à votre environnement de travail.
 
 - Design aéré et moderne
 - Matière durable et facile à nettoyer
 - Légère et stable
 - Idéale pour bureau, chambre et salle d’étude","Corbeille à papier GRIS MORANDI au design moderne et aux couleurs élégantes. Disponible en 16L idéale pour bureau, école ou maison. Plastique résistant et finition soignée.",0.31,"mgs_brand=TECHNO,techno_ref=70903,color=GRIS MORANDI",,simple,,base,2,Taxable Goods,search,0,999,1,,"sku=1140669848,color=GRIS MORANDI",
1140669847,"CORBEILLE A PAPIER GM 16L BLANC MORANDI ""TECHNO"" REF: 70902",ALGERIA,"La corbeille à papier BLANC MORANDI combine praticité et élégance. Conçue en plastique robuste, elle offre une excellente résistance à l’usage quotidien.
 
 Disponible en deux capacités (11L et 16L), elle s’adapte parfaitement aux espaces professionnels, scolaires ou domestiques.
 
 Sa palette de couleurs modernes apporte une touche esthétique discrète à votre environnement de travail.
 
 - Design aéré et moderne
 - Matière durable et facile à nettoyer
 - Légère et stable
 - Idéale pour bureau, chambre et salle d’étude","Corbeille à papier BLANC MORANDI au design moderne et aux couleurs élégantes. Disponible en 16L idéale pour bureau, école ou maison. Plastique résistant et finition soignée.",0.31,"mgs_brand=TECHNO,techno_ref=70902,color=BLANC MORANDI",,simple,,base,2,Taxable Goods,search,0,999,1,,"sku=1140669847,color=BLANC MORANDI",
1140665583,"ORGANISEUR DE BUREAU NEAT AVEC DÉVIDOIR ""TECHNO"" REF: 70666",ALGERIA,"L’organiseur de bureau NEAT permet de ranger facilement stylos, accessoires et fournitures.
 Ses multiples compartiments et son support pour ruban adhésif offrent une solution pratique pour garder votre espace de travail bien organisé.
 
 - Compartiments multiples
 - Support pour ruban adhésif
 - Plastique durable
 - Idéal pour bureau, école ou maison","Organiseur de bureau NEAT avec plusieurs compartiments et support pour ruban adhésif, parfait pour garder un bureau propre et organisé, Disponible en 16 couleur",0.3425,"mgs_brand=TECHNO,techno_ref=70666",,simple,,base,2,Taxable Goods,search,0,999,1,,,
1140676527,"CAISSE DE STOCKAGE PLASTIQUE PROBOX VIOLET PASTEL ""TECHNO"" REF: 70977",ALGERIA,"La PROBOX 52L est une caisse de rangement solide conçue pour le stockage et la logistique. Fabriquée en polypropylène (PP) durable, elle résiste aux chocs et à une utilisation intensive.
 Avec ses dimensions 53 × 43 × 29 cm, elle offre une grande capacité tout en restant facile à manipuler et à empiler.
 
 - Capacité : 52 L
 - Plastique PP résistant
 - Compatible contact alimentaire
 - Empilable pour optimiser l’espace
 - Idéale pour stockage et transport","Boîte de rangement PROBOX VIOLET PASTEL 52L robuste et empilable, idéale pour le stockage et le transport. Fabriquée en plastique PP résistant, compatible contact alimentaire.",2.6,"mgs_brand=TECHNO,techno_ref=70977,color=VIOLET PASTEL",,simple,,base,2,Taxable Goods,search,0,999,1,,"sku=1140676527,color=VIOLET PASTEL",
1140676526,"CAISSE DE STOCKAGE PLASTIQUE PROBOX VERT PASTEL ""TECHNO"" REF: 70976",ALGERIA,"La PROBOX 52L est une caisse de rangement solide conçue pour le stockage et la logistique. Fabriquée en polypropylène (PP) durable, elle résiste aux chocs et à une utilisation intensive.
 Avec ses dimensions 53 × 43 × 29 cm, elle offre une grande capacité tout en restant facile à manipuler et à empiler.
 
 - Capacité : 52 L
 - Plastique PP résistant
 - Compatible contact alimentaire
 - Empilable pour optimiser l’espace
 - Idéale pour stockage et transport","Boîte de rangement PROBOX VERT PASTEL 52L robuste et empilable, idéale pour le stockage et le transport. Fabriquée en plastique PP résistant, compatible contact alimentaire.",2.6,"mgs_brand=TECHNO,techno_ref=70976,color=VERT PASTEL",,simple,,base,2,Taxable Goods,search,0,999,1,,"sku=1140676526,color=VERT PASTEL",
1140676525,"CAISSE DE STOCKAGE PLASTIQUE PROBOX ROSE PASTEL ""TECHNO"" REF: 70975",ALGERIA,"La PROBOX 52L est une caisse de rangement solide conçue pour le stockage et la logistique. Fabriquée en polypropylène (PP) durable, elle résiste aux chocs et à une utilisation intensive.
 Avec ses dimensions 53 × 43 × 29 cm, elle offre une grande capacité tout en restant facile à manipuler et à empiler.
 
 - Capacité : 52 L
 - Plastique PP résistant
 - Compatible contact alimentaire
 - Empilable pour optimiser l’espace
 - Idéale pour stockage et transport","Boîte de rangement PROBOX ROSE PASTEL 52L robuste et empilable, idéale pour le stockage et le transport. Fabriquée en plastique PP résistant, compatible contact alimentaire.",2.6,"mgs_brand=TECHNO,techno_ref=70975,color=ROSE PASTEL",,simple,,base,2,Taxable Goods,search,0,999,1,,"sku=1140676525,color=ROSE PASTEL",
1140676518,"CAISSE DE STOCKAGE PLASTIQUE PROBOX JAUNE PASTEL ""TECHNO"" REF: 70974",ALGERIA,"La PROBOX 52L est une caisse de rangement solide conçue pour le stockage et la logistique. Fabriquée en polypropylène (PP) durable, elle résiste aux chocs et à une utilisation intensive.
 Avec ses dimensions 53 × 43 × 29 cm, elle offre une grande capacité tout en restant facile à manipuler et à empiler.
 
 - Capacité : 52 L
 - Plastique PP résistant
 - Compatible contact alimentaire
 - Empilable pour optimiser l’espace
 - Idéale pour stockage et transport","Boîte de rangement PROBOX JAUNE PASTEL 52L robuste et empilable, idéale pour le stockage et le transport. Fabriquée en plastique PP résistant, compatible contact alimentaire.",2.6,"mgs_brand=TECHNO,techno_ref=70974,color=JAUNE PASTEL",,simple,,base,2,Taxable Goods,search,0,999,1,,"sku=1140676518,color=JAUNE PASTEL",
1140676516,"CAISSE DE STOCKAGE PLASTIQUE PROBOX BLEU PASTEL ""TECHNO"" REF: 70972",ALGERIA,"La PROBOX 52L est une caisse de rangement solide conçue pour le stockage et la logistique. Fabriquée en polypropylène (PP) durable, elle résiste aux chocs et à une utilisation intensive.
 Avec ses dimensions 53 × 43 × 29 cm, elle offre une grande capacité tout en restant facile à manipuler et à empiler.
 
 - Capacité : 52 L
 - Plastique PP résistant
 - Compatible contact alimentaire
 - Empilable pour optimiser l’espace
 - Idéale pour stockage et transport","Boîte de rangement PROBOX BLEU PASTEL 52L robuste et empilable, idéale pour le stockage et le transport. Fabriquée en plastique PP résistant, compatible contact alimentaire.",2.6,"mgs_brand=TECHNO,techno_ref=70972,color=BLEU PASTEL",,simple,,base,2,Taxable Goods,search,0,999,1,,"sku=1140676516,color=BLEU PASTEL",
1140676541,"COUVERCLE CAISSE DE STOCKAGE PLASTIQUE PROBOX VIOLET PASTEL ""TECHNO"" REF: 70993",ALGERIA,"Le couvercle PROBOX est conçu pour fermer et protéger les caisses de rangement PROBOX. Fabriqué en polypropylène (PP) résistant, il assure une protection efficace contre la poussière et les saletés pendant le stockage ou le transport.
 
 Sa conception solide garantit un ajustement parfait avec les caisses PROBOX, permettant un empilage sécurisé et une meilleure organisation.
 
 - Plastique PP robuste
 - Protection contre poussière et saletés
 - Compatible avec caisses PROBOX
 - Idéal pour stockage et transport","Couvercle PROBOX VIOLET PASTEL robuste en plastique PP, conçu pour protéger et fermer les caisses PROBOX 52L lors du stockage ou du transport.",0.52,"mgs_brand=TECHNO,techno_ref=70993,color=VIOLET PASTEL",,simple,,base,2,Taxable Goods,search,0,999,1,,"sku=1140676541,color=VIOLET PASTEL",
1140676540,"COUVERCLE CAISSE DE STOCKAGE PLASTIQUE PROBOX VERT PASTEL ""TECHNO"" REF: 70992",ALGERIA,"Le couvercle PROBOX est conçu pour fermer et protéger les caisses de rangement PROBOX. Fabriqué en polypropylène (PP) résistant, il assure une protection efficace contre la poussière et les saletés pendant le stockage ou le transport.
 
 Sa conception solide garantit un ajustement parfait avec les caisses PROBOX, permettant un empilage sécurisé et une meilleure organisation.
 
 - Plastique PP robuste
 - Protection contre poussière et saletés
 - Compatible avec caisses PROBOX
 - Idéal pour stockage et transport","Couvercle PROBOX VERT PASTEL robuste en plastique PP, conçu pour protéger et fermer les caisses PROBOX 52L lors du stockage ou du transport.",0.52,"mgs_brand=TECHNO,techno_ref=70992,color=VERT PASTEL",,simple,,base,2,Taxable Goods,search,0,999,1,,"sku=1140676540,color=VERT PASTEL",
1140676539,"COUVERCLE CAISSE DE STOCKAGE PLASTIQUE PROBOX ROSE PASTEL ""TECHNO"" REF: 70989",ALGERIA,"Le couvercle PROBOX est conçu pour fermer et protéger les caisses de rangement PROBOX. Fabriqué en polypropylène (PP) résistant, il assure une protection efficace contre la poussière et les saletés pendant le stockage ou le transport.
 
 Sa conception solide garantit un ajustement parfait avec les caisses PROBOX, permettant un empilage sécurisé et une meilleure organisation.
 
 - Plastique PP robuste
 - Protection contre poussière et saletés
 - Compatible avec caisses PROBOX
 - Idéal pour stockage et transport","Couvercle PROBOX ROSE PASTEL robuste en plastique PP, conçu pour protéger et fermer les caisses PROBOX 52L lors du stockage ou du transport.",0.52,"mgs_brand=TECHNO,techno_ref=70989,color=ROSE PASTEL",,simple,,base,2,Taxable Goods,search,0,999,1,,"sku=1140676539,color=ROSE PASTEL",
1140676537,"COUVERCLE CAISSE DE STOCKAGE PLASTIQUE PROBOX JAUNE PASTEL ""TECHNO"" REF: 70988",ALGERIA,"Le couvercle PROBOX est conçu pour fermer et protéger les caisses de rangement PROBOX. Fabriqué en polypropylène (PP) résistant, il assure une protection efficace contre la poussière et les saletés pendant le stockage ou le transport.
 
 Sa conception solide garantit un ajustement parfait avec les caisses PROBOX, permettant un empilage sécurisé et une meilleure organisation.
 
 - Plastique PP robuste
 - Protection contre poussière et saletés
 - Compatible avec caisses PROBOX
 - Idéal pour stockage et transport","Couvercle PROBOX JAUNE PASTEL robuste en plastique PP, conçu pour protéger et fermer les caisses PROBOX 52L lors du stockage ou du transport.",0.52,"mgs_brand=TECHNO,techno_ref=70988,color=JAUNE PASTEL",,simple,,base,2,Taxable Goods,search,0,999,1,,"sku=1140676537,color=JAUNE PASTEL",
1140676536,"COUVERCLE CAISSE DE STOCKAGE PLASTIQUE PROBOX CREVET PASTEL ""TECHNO"" REF: 70987",ALGERIA,"Le couvercle PROBOX est conçu pour fermer et protéger les caisses de rangement PROBOX. Fabriqué en polypropylène (PP) résistant, il assure une protection efficace contre la poussière et les saletés pendant le stockage ou le transport.
 
 Sa conception solide garantit un ajustement parfait avec les caisses PROBOX, permettant un empilage sécurisé et une meilleure organisation.
 
 - Plastique PP robuste
 - Protection contre poussière et saletés
 - Compatible avec caisses PROBOX
 - Idéal pour stockage et transport","Couvercle PROBOX CREVETTE PASTEL robuste en plastique PP, conçu pour protéger et fermer les caisses PROBOX 52L lors du stockage ou du transport.",0.52,"mgs_brand=TECHNO,techno_ref=70987,color=CREVETTE PASTEL",,simple,,base,2,Taxable Goods,search,0,999,1,,"sku=1140676536,color=CREVETTE PASTEL",
1140676535,"COUVERCLE CAISSE DE STOCKAGE PLASTIQUE PROBOX BLEU PASTEL ""TECHNO"" REF: 70986",ALGERIA,"Le couvercle PROBOX est conçu pour fermer et protéger les caisses de rangement PROBOX. Fabriqué en polypropylène (PP) résistant, il assure une protection efficace contre la poussière et les saletés pendant le stockage ou le transport.
 
 Sa conception solide garantit un ajustement parfait avec les caisses PROBOX, permettant un empilage sécurisé et une meilleure organisation.
 
 - Plastique PP robuste
 - Protection contre poussière et saletés
 - Compatible avec caisses PROBOX
 - Idéal pour stockage et transport","Couvercle PROBOX BLEU PASTEL robuste en plastique PP, conçu pour protéger et fermer les caisses PROBOX 52L lors du stockage ou du transport.",0.52,"mgs_brand=TECHNO,techno_ref=70986,color=BLEU PASTEL",,simple,,base,2,Taxable Goods,search,0,999,1,,"sku=1140676535,color=BLEU PASTEL",
1140676534,"COUVERCLE CAISSE DE STOCKAGE PLASTIQUE PROBOX JAUNE ""TECHNO"" REF: 70997",ALGERIA,"Le couvercle PROBOX est conçu pour fermer et protéger les caisses de rangement PROBOX. Fabriqué en polypropylène (PP) résistant, il assure une protection efficace contre la poussière et les saletés pendant le stockage ou le transport.
 
 Sa conception solide garantit un ajustement parfait avec les caisses PROBOX, permettant un empilage sécurisé et une meilleure organisation.
 
 - Plastique PP robuste
 - Protection contre poussière et saletés
 - Compatible avec caisses PROBOX
 - Idéal pour stockage et transport","Couvercle PROBOX JAUNE robuste en plastique PP, conçu pour protéger et fermer les caisses PROBOX 52L lors du stockage ou du transport.",0.52,"mgs_brand=TECHNO,techno_ref=70997,color=JAUNE",,simple,,base,2,Taxable Goods,search,0,999,1,,"sku=1140676534,color=JAUNE",
1140676533,"COUVERCLE CAISSE DE STOCKAGE PLASTIQUE PROBOX ORANGE ""TECHNO"" REF: 70996",ALGERIA,"Le couvercle PROBOX est conçu pour fermer et protéger les caisses de rangement PROBOX. Fabriqué en polypropylène (PP) résistant, il assure une protection efficace contre la poussière et les saletés pendant le stockage ou le transport.
 
 Sa conception solide garantit un ajustement parfait avec les caisses PROBOX, permettant un empilage sécurisé et une meilleure organisation.
 
 - Plastique PP robuste
 - Protection contre poussière et saletés
 - Compatible avec caisses PROBOX
 - Idéal pour stockage et transport","Couvercle PROBOX ORANGE robuste en plastique PP, conçu pour protéger et fermer les caisses PROBOX 52L lors du stockage ou du transport.",0.52,"mgs_brand=TECHNO,techno_ref=70996,color=ORANGE",,simple,,base,2,Taxable Goods,search,0,999,1,,"sku=1140676533,color=ORANGE",
1140676532,"COUVERCLE CAISSE DE STOCKAGE PLASTIQUE PROBOX GRIS ""TECHNO"" REF: 70995",ALGERIA,"Le couvercle PROBOX est conçu pour fermer et protéger les caisses de rangement PROBOX. Fabriqué en polypropylène (PP) résistant, il assure une protection efficace contre la poussière et les saletés pendant le stockage ou le transport.
 
 Sa conception solide garantit un ajustement parfait avec les caisses PROBOX, permettant un empilage sécurisé et une meilleure organisation.
 
 - Plastique PP robuste
 - Protection contre poussière et saletés
 - Compatible avec caisses PROBOX
 - Idéal pour stockage et transport","Couvercle PROBOX GRIS robuste en plastique PP, conçu pour protéger et fermer les caisses PROBOX 52L lors du stockage ou du transport.",0.52,"mgs_brand=TECHNO,techno_ref=70995,color=GRIS",,simple,,base,2,Taxable Goods,search,0,999,1,,"sku=1140676532,color=GRIS",
1140676531,"COUVERCLE CAISSE DE STOCKAGE PLASTIQUE PROBOX VERT ""TECHNO"" REF: 70994",ALGERIA,"Le couvercle PROBOX est conçu pour fermer et protéger les caisses de rangement PROBOX. Fabriqué en polypropylène (PP) résistant, il assure une protection efficace contre la poussière et les saletés pendant le stockage ou le transport.
 
 Sa conception solide garantit un ajustement parfait avec les caisses PROBOX, permettant un empilage sécurisé et une meilleure organisation.
 
 - Plastique PP robuste
 - Protection contre poussière et saletés
 - Compatible avec caisses PROBOX
 - Idéal pour stockage et transport","Couvercle PROBOX VERT robuste en plastique PP, conçu pour protéger et fermer les caisses PROBOX 52L lors du stockage ou du transport.",0.52,"mgs_brand=TECHNO,techno_ref=70994,color=VERT",,simple,,base,2,Taxable Goods,search,0,999,1,,"sku=1140676531,color=VERT",
1140676530,"COUVERCLE CAISSE DE STOCKAGE PLASTIQUE PROBOX BLEU ""TECHNO"" REF: 70991",ALGERIA,"Le couvercle PROBOX est conçu pour fermer et protéger les caisses de rangement PROBOX. Fabriqué en polypropylène (PP) résistant, il assure une protection efficace contre la poussière et les saletés pendant le stockage ou le transport.
 
 Sa conception solide garantit un ajustement parfait avec les caisses PROBOX, permettant un empilage sécurisé et une meilleure organisation.
 
 - Plastique PP robuste
 - Protection contre poussière et saletés
 - Compatible avec caisses PROBOX
 - Idéal pour stockage et transport","Couvercle PROBOX BLEU robuste en plastique PP, conçu pour protéger et fermer les caisses PROBOX 52L lors du stockage ou du transport.",0.52,"mgs_brand=TECHNO,techno_ref=70991,color=BLEU",,simple,,base,2,Taxable Goods,search,0,999,1,,"sku=1140676530,color=BLEU",
1140676529,"COUVERCLE CAISSE DE STOCKAGE PLASTIQUE PROBOX ROUGE ""TECHNO"" REF: 70990",ALGERIA,"Le couvercle PROBOX est conçu pour fermer et protéger les caisses de rangement PROBOX. Fabriqué en polypropylène (PP) résistant, il assure une protection efficace contre la poussière et les saletés pendant le stockage ou le transport.
 
 Sa conception solide garantit un ajustement parfait avec les caisses PROBOX, permettant un empilage sécurisé et une meilleure organisation.
 
 - Plastique PP robuste
 - Protection contre poussière et saletés
 - Compatible avec caisses PROBOX
 - Idéal pour stockage et transport","Couvercle PROBOX ROUGE robuste en plastique PP, conçu pour protéger et fermer les caisses PROBOX 52L lors du stockage ou du transport.",0.52,"mgs_brand=TECHNO,techno_ref=70990,color=ROUGE",,simple,,base,2,Taxable Goods,search,0,999,1,,"sku=1140676529,color=ROUGE",
1140676528,"COUVERCLE CAISSE DE STOCKAGE PLASTIQUE PROBOX NOIR ""TECHNO"" REF: 70985",ALGERIA,"Le couvercle PROBOX est conçu pour fermer et protéger les caisses de rangement PROBOX. Fabriqué en polypropylène (PP) résistant, il assure une protection efficace contre la poussière et les saletés pendant le stockage ou le transport.
 
 Sa conception solide garantit un ajustement parfait avec les caisses PROBOX, permettant un empilage sécurisé et une meilleure organisation.
 
 - Plastique PP robuste
 - Protection contre poussière et saletés
 - Compatible avec caisses PROBOX
 - Idéal pour stockage et transport","Couvercle PROBOX NOIR robuste en plastique PP, conçu pour protéger et fermer les caisses PROBOX 52L lors du stockage ou du transport.",0.52,"mgs_brand=TECHNO,techno_ref=70985,color=NOIR",,simple,,base,2,Taxable Goods,search,0,999,1,,"sku=1140676528,color=NOIR",
1140672336,"CARTOUCHE D'ENCRE THINKY POUR MARQUEUR TABLEAU BLANC ROSE 3,2 g ""TECHNO"" REF: 8514",CHINA,"Les cartouches d’encre Thinky pour marqueur tableau blanc permettent de recharger facilement vos marqueurs et de prolonger leur durée d’utilisation.
 
 Avec une contenance de 6 g, elles garantissent une écriture fluide, des couleurs visibles et un effacement facile sur le tableau. Idéales pour écoles, bureaux et salles de formation, elles représentent une solution pratique et économique.
 
 Caractéristiques :
 
 - Recharge pour marqueur tableau blanc
 
 - Contenance : 6 g
 
 - Couleur rose 
 
 - Écriture fluide et effaçable",Cartouche d'encre Thinky pour marqueur tableau blanc. Recharge pratique de 6g offrant une écriture fluide de couleur rose.,0.0073785,"mgs_brand=TECHNO,techno_ref=8514,color=ROSE",,simple,,base,2,Taxable Goods,search,0,999,1,,"sku=1140672336,color=ROSE",
1140672331,"CARTOUCHE D'ENCRE THINKY POUR MARQUEUR TABLEAU BLANC JAUNE 3,2 g ""TECHNO"" REF: 8509",CHINA,"Les cartouches d’encre Thinky pour marqueur tableau blanc permettent de recharger facilement vos marqueurs et de prolonger leur durée d’utilisation.
 
 Avec une contenance de 6 g, elles garantissent une écriture fluide, des couleurs visibles et un effacement facile sur le tableau. Idéales pour écoles, bureaux et salles de formation, elles représentent une solution pratique et économique.
 
 Caractéristiques :
 
 - Recharge pour marqueur tableau blanc
 
 - Contenance : 6 g
 
 - Couleur jaune
 
 - Écriture fluide et effaçable",Cartouche d'encre Thinky pour marqueur tableau blanc. Recharge pratique de 6g offrant une écriture fluide de couleur jaune,0.0073785,"mgs_brand=TECHNO,techno_ref=8509,color=JAUNE",,simple,,base,2,Taxable Goods,search,0,999,1,,"sku=1140672331,color=JAUNE",
1140672330,"CARTOUCHE D'ENCRE THINKY POUR MARQUEUR TABLEAU BLANC ORANGE 3,2 ""TECHNO"" REF: 8508",CHINA,"Les cartouches d’encre Thinky pour marqueur tableau blanc permettent de recharger facilement vos marqueurs et de prolonger leur durée d’utilisation.
 
 Avec une contenance de 6 g, elles garantissent une écriture fluide, des couleurs visibles et un effacement facile sur le tableau. Idéales pour écoles, bureaux et salles de formation, elles représentent une solution pratique et économique.
 
 Caractéristiques :
 
 - Recharge pour marqueur tableau blanc
 
 - Contenance : 6 g
 
 - Couleur orange
 
 - Écriture fluide et effaçable",Cartouche d'encre Thinky pour marqueur tableau blanc. Recharge pratique de 6g offrant une écriture fluide de couleur orange,0.0073785,"mgs_brand=TECHNO,techno_ref=8508,color=ORANGE",,simple,,base,2,Taxable Goods,search,0,999,1,,"sku=1140672330,color=ORANGE",
1140616983,"CARTOUCHE D'ENCRE THINKY POUR MARQUEUR TABLEAU BLANC ROUGE 3,2 g ""TECHNO"" REF: 4997",CHINA,"Les cartouches d’encre Thinky pour marqueur tableau blanc permettent de recharger facilement vos marqueurs et de prolonger leur durée d’utilisation.
 
 Avec une contenance de 6 g, elles garantissent une écriture fluide, des couleurs visibles et un effacement facile sur le tableau. Idéales pour écoles, bureaux et salles de formation, elles représentent une solution pratique et économique.
 
 Caractéristiques :
 
 - Recharge pour marqueur tableau blanc
 
 - Contenance : 6 g
 
 - Couleur rouge
 
 - Écriture fluide et effaçable",Cartouche d'encre Thinky pour marqueur tableau blanc. Recharge pratique de 6g offrant une écriture fluide de couleur rouge,0.0073785,"mgs_brand=TECHNO,techno_ref=4997,color=ROUGE",,simple,,base,2,Taxable Goods,search,0,999,1,,"sku=1140616983,color=ROUGE",
1140616982,"CARTOUCHE D'ENCRE THINKY POUR MARQUEUR TABLEAU BLANC VERT 3,2 g ""TECHNO"" REF: 4996",CHINA,"Les cartouches d’encre Thinky pour marqueur tableau blanc permettent de recharger facilement vos marqueurs et de prolonger leur durée d’utilisation.
 
 Avec une contenance de 6 g, elles garantissent une écriture fluide, des couleurs visibles et un effacement facile sur le tableau. Idéales pour écoles, bureaux et salles de formation, elles représentent une solution pratique et économique.
 
 Caractéristiques :
 
 - Recharge pour marqueur tableau blanc
 
 - Contenance : 6 g
 
 - Couleur vert
 
 - Écriture fluide et effaçable",Cartouche d'encre Thinky pour marqueur tableau blanc. Recharge pratique de 6g offrant une écriture fluide de couleur vert,0.0073785,"mgs_brand=TECHNO,techno_ref=4996,color=VERT",,simple,,base,2,Taxable Goods,search,0,999,1,,"sku=1140616982,color=VERT",
1140616981,"CARTOUCHE D'ENCRE THINKY POUR MARQUEUR TABLEAU BLANC NOIR 3,2 g ""TECHNO"" REF: 4995",CHINA,"Les cartouches d’encre Thinky pour marqueur tableau blanc permettent de recharger facilement vos marqueurs et de prolonger leur durée d’utilisation.
 
 Avec une contenance de 6 g, elles garantissent une écriture fluide, des couleurs visibles et un effacement facile sur le tableau. Idéales pour écoles, bureaux et salles de formation, elles représentent une solution pratique et économique.
 
 Caractéristiques :
 
 - Recharge pour marqueur tableau blanc
 
 - Contenance : 6 g
 
 - Couleur noir
 
 - Écriture fluide et effaçable",Cartouche d'encre Thinky pour marqueur tableau blanc. Recharge pratique de 6g offrant une écriture fluide de couleur noir,0.0073785,"mgs_brand=TECHNO,techno_ref=4995,color=NOIR",,simple,,base,2,Taxable Goods,search,0,999,1,,"sku=1140616981,color=NOIR",
1140616980,"CARTOUCHE D'ENCRE THINKY POUR MARQUEUR TABLEAU BLANC BLEU 3,2 g ""TECHNO"" REF: 4994",CHINA,"Les cartouches d’encre Thinky pour marqueur tableau blanc permettent de recharger facilement vos marqueurs et de prolonger leur durée d’utilisation.
 
 Avec une contenance de 6 g, elles garantissent une écriture fluide, des couleurs visibles et un effacement facile sur le tableau. Idéales pour écoles, bureaux et salles de formation, elles représentent une solution pratique et économique.
 
 Caractéristiques :
 
 - Recharge pour marqueur tableau blanc
 
 - Contenance : 6 g
 
 - Couleur bleu
 
 - Écriture fluide et effaçable",Cartouche d'encre Thinky pour marqueur tableau blanc. Recharge pratique de 6g offrant une écriture fluide de couleur bleu,0.0073785,"mgs_brand=TECHNO,techno_ref=4994,color=BLEU",,simple,,base,2,Taxable Goods,search,0,999,1,,"sku=1140616980,color=BLEU",
1140669434,"LOUPE DIAMETRE 100 MM MACRO ""TECHNO"" REF: 7853",CHINA,"La loupe Macro Techno est conçue pour faciliter la lecture et l’observation des petits détails. Grâce à son grossissement puissant, elle permet d’agrandir clairement les textes, images et objets.
 
 Son design ergonomique avec poignée confortable assure une prise en main facile, idéale pour les étudiants, bureaux, travaux scolaires ou loisirs. Disponible en plusieurs tailles et niveaux de grossissement pour s’adapter à différents besoins.
 
 Caractéristiques :
 
 Loupe de lecture pratique
 
 Grossissement : 100 mm
 
 Différents diamètres disponibles
 
 Poignée ergonomique
 
 Idéale pour lecture, école et bureau","Loupe Macro 100 mm de Techno pratique pour agrandir textes et images avec une vision claire. Idéale pour la lecture, l’étude et les travaux de précision",0,"mgs_brand=TECHNO,techno_ref=7853,diameter=100mm",,simple,,base,2,Taxable Goods,search,0,999,1,,"sku=1140669434,diameter=100mm",
1140669433,"LOUPE DIAMETRE 90 MM MACRO ""TECHNO"" REF: 7852",CHINA,"La loupe Macro Techno est conçue pour faciliter la lecture et l’observation des petits détails. Grâce à son grossissement puissant, elle permet d’agrandir clairement les textes, images et objets.
 
 Son design ergonomique avec poignée confortable assure une prise en main facile, idéale pour les étudiants, bureaux, travaux scolaires ou loisirs. Disponible en plusieurs tailles et niveaux de grossissement pour s’adapter à différents besoins.
 
 Caractéristiques :
 
 Loupe de lecture pratique
 
 Grossissement : 90 mm 
 
 Différents diamètres disponibles
 
 Poignée ergonomique
 
 Idéale pour lecture, école et bureau","Loupe Macro 90 mm de Techno pratique pour agrandir textes et images avec une vision claire. Idéale pour la lecture, l’étude et les travaux de précision",0,"mgs_brand=TECHNO,techno_ref=7852,diameter=90mm",,simple,,base,2,Taxable Goods,search,0,999,1,,"sku=1140669433,diameter=90mm",
1140669158,"LOUPE DIAMETRE 75 MM MACRO ""TECHNO"" REF: 7851",CHINA,"La loupe Macro Techno est conçue pour faciliter la lecture et l’observation des petits détails. Grâce à son grossissement puissant, elle permet d’agrandir clairement les textes, images et objets.
 
 Son design ergonomique avec poignée confortable assure une prise en main facile, idéale pour les étudiants, bureaux, travaux scolaires ou loisirs. Disponible en plusieurs tailles et niveaux de grossissement pour s’adapter à différents besoins.
 
 Caractéristiques :
 
 Loupe de lecture pratique
 
 Grossissement : 75 mm
 
 Différents diamètres disponibles
 
 Poignée ergonomique
 
 Idéale pour lecture, école et bureau","Loupe Macro 75 mm de Techno pratique pour agrandir textes et images avec une vision claire. Idéale pour la lecture, l’étude et les travaux de précision",0,"mgs_brand=TECHNO,techno_ref=7851,diameter=75mm",,simple,,base,2,Taxable Goods,search,0,999,1,,"sku=1140669158,diameter=75mm",
1140669154,"LOUPE DIAMETRE 60 MM MACRO ""TECHNO"" REF: 7850",CHINA,"La loupe Macro Techno est conçue pour faciliter la lecture et l’observation des petits détails. Grâce à son grossissement puissant, elle permet d’agrandir clairement les textes, images et objets.
 
 Son design ergonomique avec poignée confortable assure une prise en main facile, idéale pour les étudiants, bureaux, travaux scolaires ou loisirs. Disponible en plusieurs tailles et niveaux de grossissement pour s’adapter à différents besoins.
 
 Caractéristiques :
 
 Loupe de lecture pratique
 
 Grossissement : 60 mm
 
 Différents diamètres disponibles
 
 Poignée ergonomique
 
 Idéale pour lecture, école et bureau","Loupe Macro 60 mm de Techno pratique pour agrandir textes et images avec une vision claire. Idéale pour la lecture, l’étude et les travaux de précision",0,"mgs_brand=TECHNO,techno_ref=7850,diameter=60mm",,simple,,base,2,Taxable Goods,search,0,999,1,,"sku=1140669154,diameter=60mm",
1140669437,"LOUPE DIAMETRE 100 MM VIEW ""TECHNO"" REF: 7856",CHINA,"La loupe View de Techno est conçue pour faciliter la lecture et l’observation des petits détails. Grâce à son grossissement puissant, elle permet d’agrandir clairement les textes, images et objets.
 
 Son design ergonomique avec poignée confortable assure une prise en main facile, idéale pour les étudiants, bureaux, travaux scolaires ou loisirs. Disponible en plusieurs tailles et niveaux de grossissement pour s’adapter à différents besoins.
 
 Caractéristiques :
 
 Loupe de lecture pratique
 
 Grossissement : 100 mm
 
 Différents diamètres disponibles
 
 Poignée ergonomique
 
 Idéale pour lecture, école et bureau","Loupe View 100 mm de Techno pratique pour agrandir textes et images avec une vision claire. Idéale pour la lecture, l’étude et les travaux de précision",0,"mgs_brand=TECHNO,techno_ref=7856,diameter=100mm",,simple,,base,2,Taxable Goods,search,0,999,1,,"sku=1140669437,diameter=100mm",
1140669436,"LOUPE DIAMETRE 90 MM VIEW ""TECHNO"" REF: 7855",CHINA,"La loupe View de Techno est conçue pour faciliter la lecture et l’observation des petits détails. Grâce à son grossissement puissant, elle permet d’agrandir clairement les textes, images et objets.
 
 Son design ergonomique avec poignée confortable assure une prise en main facile, idéale pour les étudiants, bureaux, travaux scolaires ou loisirs. Disponible en plusieurs tailles et niveaux de grossissement pour s’adapter à différents besoins.
 
 Caractéristiques :
 
 Loupe de lecture pratique
 
 Grossissement : 90 mm
 
 Différents diamètres disponibles
 
 Poignée ergonomique
 
 Idéale pour lecture, école et bureau","Loupe View 90 mm de Techno pratique pour agrandir textes et images avec une vision claire. Idéale pour la lecture, l’étude et les travaux de précision",0,"mgs_brand=TECHNO,techno_ref=7855,diameter=90mm",,simple,,base,2,Taxable Goods,search,0,999,1,,"sku=1140669436,diameter=90mm",
1140669435,"LOUPE DIAMETRE 75 MM VIEW ""TECHNO"" REF: 7854",CHINA,"La loupe View de Techno est conçue pour faciliter la lecture et l’observation des petits détails. Grâce à son grossissement puissant, elle permet d’agrandir clairement les textes, images et objets.
 
 Son design ergonomique avec poignée confortable assure une prise en main facile, idéale pour les étudiants, bureaux, travaux scolaires ou loisirs. Disponible en plusieurs tailles et niveaux de grossissement pour s’adapter à différents besoins.
 
 Caractéristiques :
 
 Loupe de lecture pratique
 
 Grossissement : 75 mm
 
 Différents diamètres disponibles
 
 Poignée ergonomique
 
 Idéale pour lecture, école et bureau","Loupe View 75 mm de Techno pratique pour agrandir textes et images avec une vision claire. Idéale pour la lecture, l’étude et les travaux de précision",0,"mgs_brand=TECHNO,techno_ref=7854,diameter=75mm",,simple,,base,2,Taxable Goods,search,0,999,1,,"sku=1140669435,diameter=75mm",
1140669440,"LOUPE DIAMETRE 90 MM NOBLE ""TECHNO"" REF: 7859",CHINA,"La loupe NOBLE de Techno est conçue pour faciliter la lecture et l’observation des petits détails. Grâce à son grossissement puissant, elle permet d’agrandir clairement les textes, images et objets.
 
 Son design ergonomique avec poignée confortable assure une prise en main facile, idéale pour les étudiants, bureaux, travaux scolaires ou loisirs. Disponible en plusieurs tailles et niveaux de grossissement pour s’adapter à différents besoins.
 
 Caractéristiques :
 
 Loupe de lecture pratique
 
 Grossissement : 90 mm
 
 Différents diamètres disponibles
 
 Poignée ergonomique
 
 Idéale pour lecture, école et bureau","Loupe NOBLE 90 mm de Techno pratique pour agrandir textes et images avec une vision claire. Idéale pour la lecture, l’étude et les travaux de précision",0,"mgs_brand=TECHNO,techno_ref=7859,diameter=90mm",,simple,,base,2,Taxable Goods,search,0,999,1,,"sku=1140669440,diameter=90mm",
1140669439,"LOUPE DIAMETRE 75 MM NOBLE ""TECHNO"" REF: 7858",CHINA,"La loupe NOBLE de Techno est conçue pour faciliter la lecture et l’observation des petits détails. Grâce à son grossissement puissant, elle permet d’agrandir clairement les textes, images et objets.
 
 Son design ergonomique avec poignée confortable assure une prise en main facile, idéale pour les étudiants, bureaux, travaux scolaires ou loisirs. Disponible en plusieurs tailles et niveaux de grossissement pour s’adapter à différents besoins.
 
 Caractéristiques :
 
 Loupe de lecture pratique
 
 Grossissement : 75 mm
 
 Différents diamètres disponibles
 
 Poignée ergonomique
 
 Idéale pour lecture, école et bureau","Loupe NOBLE 75 mm de Techno pratique pour agrandir textes et images avec une vision claire. Idéale pour la lecture, l’étude et les travaux de précision",0,"mgs_brand=TECHNO,techno_ref=7858,diameter=75mm",,simple,,base,2,Taxable Goods,search,0,999,1,,"sku=1140669439,diameter=75mm",
1140669438,"LOUPE DIAMETRE 50 MM NOBLE ""TECHNO"" REF: 7857",CHINA,"La loupe NOBLE de Techno est conçue pour faciliter la lecture et l’observation des petits détails. Grâce à son grossissement puissant, elle permet d’agrandir clairement les textes, images et objets.
 
 Son design ergonomique avec poignée confortable assure une prise en main facile, idéale pour les étudiants, bureaux, travaux scolaires ou loisirs. Disponible en plusieurs tailles et niveaux de grossissement pour s’adapter à différents besoins.
 
 Caractéristiques :
 
 Loupe de lecture pratique
 
 Grossissement : 50 mm
 
 Différents diamètres disponibles
 
 Poignée ergonomique
 
 Idéale pour lecture, école et bureau","Loupe NOBLE 50 mm de Techno pratique pour agrandir textes et images avec une vision claire. Idéale pour la lecture, l’étude et les travaux de précision",0,"mgs_brand=TECHNO,techno_ref=7857,diameter=50mm",,simple,,base,2,Taxable Goods,search,0,999,1,,"sku=1140669438,diameter=50mm",
1140679438,"CASQUE RGB WAVEX NOIR ""TECHNO"" REF: 8730",CHINA,"Le WAVEX offre une expérience sonore claire et immersive, idéale pour le gaming, les appels et la musique. Son microphone ajustable assure une communication nette, tandis que ses coussinets confortables permettent une utilisation prolongée. Son design moderne avec éclairage RGB apporte une touche dynamique à votre setup.","Casque gaming WAVEX avec son puissant, microphone ajustable et éclairage RGB pour une expérience immersive.",0,"mgs_brand=TECHNO,techno_ref=8730",,simple,,base,2,Taxable Goods,search,0,999,1,,,
1140679437,"CASQUE RGB WAVEX NOIR ""TECHNO"" REF: 8729",CHINA,"Le WAVEX offre une expérience sonore claire et immersive, idéale pour le gaming, les appels et la musique. Son microphone ajustable assure une communication nette, tandis que ses coussinets confortables permettent une utilisation prolongée. Son design moderne avec éclairage RGB apporte une touche dynamique à votre setup.","Casque gaming WAVEX avec son puissant, microphone ajustable et éclairage RGB pour une expérience immersive.",0,"mgs_brand=TECHNO,techno_ref=8729",,simple,,base,2,Taxable Goods,search,0,999,1,,,
1140679436,"CASQUE WAVEX NOIR ""TECHNO"" REF: 8728",CHINA,"Le WAVEX propose un son équilibré et un design ergonomique pour un confort durable. Son microphone intégré et ses coussinets souples en font un choix pratique pour les appels, la musique et le gaming occasionnel.",Casque WAVEX léger et confortable offrant un son clair pour une utilisation quotidienne.,0,"mgs_brand=TECHNO,techno_ref=8728",,simple,,base,2,Taxable Goods,search,0,999,1,,,
1140679432,"SOURIS RGB SANS FIL CLICKY NOIR ""TECHNO"" REF: 8725",CHINA,"La CLICKY RGB est une souris moderne offrant un contrôle fluide et un design confortable. Elle dispose d’un éclairage RGB, d’une batterie rechargeable intégrée et d’une prise en main ergonomique pour un usage prolongé. Idéale pour le travail, les études et l’utilisation quotidienne.","Souris CLICKY RGB avec éclairage RGB, design ergonomique et batterie rechargeable pour une utilisation pratique.",0,"mgs_brand=TECHNO,techno_ref=8725",,simple,,base,2,Taxable Goods,search,0,999,1,,,
1140679112,"CLAVIER ET SOURIS SANS FIL TAPPEX VERT ""TECHNO"" REF: 8708",CHINA,"Le TECHNO TAPPEX est un ensemble de clavier et souris sans fil conçu pour un usage pratique et confortable. Le clavier dispose de touches arabes, d’une connexion 2.4G stable et d’un support intégré pour smartphone ou tablette. Compatible Windows et Mac, il fonctionne avec piles AA et convient parfaitement au bureau et à la maison.
 
 Caractéristiques
 - Connexion sans fil 2.4G
 - Touches avec lettres arabes
 - Support pour smartphone / tablette
 - Compatible Windows & Mac
 - Fonctionne avec piles AA
 - couleur vert","Combo clavier et souris sans fil 2.4G avec touches arabes, compatible Windows / Mac et support pour smartphone, couleur vert",0,"mgs_brand=TECHNO,techno_ref=8708",,simple,,base,2,Taxable Goods,search,0,999,1,,,
1140679111,"CLAVIER ET SOURIS SANS FIL TAPPEX NOIR ""TECHNO"" REF: 8707",CHINA,"Le TECHNO TAPPEX est un ensemble clavier et souris sans fil conçu pour un usage pratique et confortable. Le clavier dispose de touches arabes, d’une connexion 2.4G stable et d’un support intégré pour smartphone ou tablette. Compatible Windows et Mac, il fonctionne avec piles AA et convient parfaitement au bureau et à la maison.
 
 Caractéristiques
 - Connexion sans fil 2.4G
 - Touches avec lettres arabes
 - Support pour smartphone / tablette
 - Compatible Windows & Mac
 - Fonctionne avec piles AA
 - couleur noir","Combo clavier et souris sans fil 2.4G avec touches arabes, compatible Windows / Mac et support pour smartphone, couleur noir",0,"mgs_brand=TECHNO,techno_ref=8707",,simple,,base,2,Taxable Goods,search,0,999,1,,,
1140679108,"CLAVIER TAPPEX NOIR ""TECHNO"" REF: 8704",CHINA,"Le TAPPEX Wired Keyboard combine simplicité, confort et performance pour un usage informatique quotidien. Grâce à sa connexion USB Plug & Play, il se branche facilement et fonctionne instantanément avec votre ordinateur.
 
 Son design ergonomique et ses touches réactives assurent une frappe fluide et silencieuse, réduisant la fatigue lors d’une utilisation prolongée. Il s’adapte parfaitement aux environnements de travail modernes.
 
 Compatible avec Windows et Mac, ce clavier est une solution pratique et fiable pour les professionnels, les étudiants et les utilisateurs domestiques.
 
 Caractéristiques :
 
 - Connexion USB Plug & Play
 
 - Frappe silencieuse et confortable
 
 - Design ergonomique et moderne
 
 - Compatible Windows & Mac
 
 - Idéal pour bureau et usage quotidien","Clavier filaire TAPPEX avec connexion USB offrant une frappe fluide, silencieuse et confortable. Compatible Windows et Mac, idéal pour le bureau ou l’usage quotidien",0,"mgs_brand=TECHNO,techno_ref=8704",,simple,,base,2,Taxable Goods,search,0,999,1,,,
1140679107,"CLAVIER TAPPEX NOIR ""TECHNO"" REF: 8703",CHINA,"Le TAPPEX Wired Keyboard est un clavier fiable et pratique conçu pour un usage professionnel et quotidien. Il se connecte facilement grâce à son port USB Plug & Play, permettant une installation rapide sans logiciel supplémentaire.
 
 Doté d’un pavé numérique complet, il facilite la saisie de données et améliore la productivité. Son design robuste et ses touches confortables offrent une frappe précise et agréable même lors d’une utilisation prolongée.
 
 Compatible avec Windows et Mac, ce clavier constitue une solution idéale pour les bureaux, les écoles et les particuliers.
 
 Caractéristiques :
 
 - Connexion USB Plug & Play
 
 - Pavé numérique complet
 
 - Frappe confortable et précise
 
 - Design durable et ergonomique
 
 - Compatible Windows & Mac
 
 - Parfait pour travail bureautique et usage quotidien","Clavier filaire TAPPEX avec connexion USB offrant une frappe fluide, silencieuse et confortable. Compatible Windows et Mac, idéal pour le bureau ou l’usage quotidien",0,"mgs_brand=TECHNO,techno_ref=8703",,simple,,base,2,Taxable Goods,search,0,999,1,,,
1140679104,"CLAVIER TAPPEX NOIR ""TECHNO"" REF: 8700",CHINA,"Le TAPPEX Wired Keyboard est conçu pour offrir une expérience de frappe confortable et efficace au quotidien. Grâce à sa connexion USB Plug & Play, il s’installe facilement sans configuration et fonctionne immédiatement avec votre ordinateur.
 
 Son design moderne et ergonomique assure une frappe silencieuse et agréable, idéale pour les environnements de bureau, d’étude ou à la maison. Les touches bien espacées garantissent une meilleure précision et un confort d’utilisation prolongé.
 
 Compatible avec Windows et Mac, ce clavier polyvalent répond parfaitement aux besoins professionnels et personnels.
 
 Caractéristiques :
 
 - Connexion USB Plug & Play
 
 - Frappe silencieuse et confortable
 
 - Design moderne et élégant
 
 - Compatible Windows & Mac
 
 - Idéal pour bureau, école et usage domestique","Clavier filaire TAPPEX avec connexion USB offrant une frappe fluide, silencieuse et confortable. Compatible Windows et Mac, idéal pour le bureau ou l’usage quotidien",0,"mgs_brand=TECHNO,techno_ref=8700",,simple,,base,2,Taxable Goods,search,0,999,1,,,
1140679109,"CLAVIER ET SOURIS TAPPEX NOIR ""TECHNO"" REF: 8705",CHINA,"Le combo TAPPEX clavier et souris filaires est conçu pour offrir une solution simple et efficace pour votre espace de travail. Ce pack comprend un clavier ergonomique avec pavé numérique et une souris optique précise, permettant une utilisation confortable et fluide.
 
 Grâce à la connexion USB Plug & Play, l’installation est rapide et ne nécessite aucun logiciel. Le clavier assure une frappe agréable tandis que la souris garantit une navigation précise.
 
 Compatible avec Windows et Mac, ce combo est idéal pour les bureaux, les écoles et l’usage domestique.
 
 Caractéristiques :
 
 - Pack clavier + souris filaires
 
 - Connexion USB Plug & Play
 
 - Souris optique précise
 
 - Clavier confortable avec pavé numérique
 
 - Compatible Windows & Mac
 
 - Idéal pour travail bureautique et usage quotidien",Pack clavier et souris filaires TAPPEX avec connexion USB Plug & Play. Une solution complète et pratique pour le bureau et l’utilisation quotidienne.,0,"mgs_brand=TECHNO,techno_ref=8705",,simple,,base,2,Taxable Goods,search,0,999,1,,,
1140679106,"CLAVIER RGB TAPPEX NOIR ""TECHNO"" REF: 8702",CHINA,"Le clavier filaire TAPPEX RGB combine design moderne et performance pour améliorer votre expérience informatique. Grâce à son éclairage RGB multicolore, il apporte une touche esthétique unique à votre bureau tout en facilitant l’utilisation dans des environnements peu éclairés.
 
 Doté d’une connexion USB Plug & Play, ce clavier s’installe facilement sans besoin de configuration. Il offre une frappe fluide, silencieuse et confortable, idéale pour le travail quotidien, les études ou une utilisation domestique.
 
 Compatible avec Windows et Mac, le TAPPEX RGB est un clavier fiable qui répond parfaitement aux besoins des utilisateurs modernes.
 
 Caractéristiques :
 
 - Clavier filaire avec éclairage RGB multicolore
 
 - Connexion USB Plug & Play
 
 - Frappe confortable et silencieuse
 
 - Design moderne et ergonomique
 
 - Compatible Windows & Mac
 
 - Idéal pour bureau et usage quotidien","Clavier filaire TAPPEX avec éclairage RGB multicolore, offrant une frappe confortable et un design moderne. Connexion USB Plug & Play, compatible Windows et Mac.",0,"mgs_brand=TECHNO,techno_ref=8702",,simple,,base,2,Taxable Goods,search,0,999,1,,,
1140679105,"CLAVIER ET SOURIS SANS FIL TAPPEX NOIR ""TECHNO"" REF: 8701",CHINA,"Le combo TAPPEX clavier et souris sans fil offre confort et liberté de mouvement grâce à sa technologie 2.4 GHz Wireless. Avec une portée pouvant atteindre 15 mètres, il garantit une connexion stable et fiable.
 
 Le clavier multimédia ergonomique permet une frappe fluide et confortable, tandis que la souris assure une navigation précise et rapide. L’installation est simple grâce au récepteur USB Plug & Play, qui permet une connexion instantanée avec votre ordinateur.
 
 Compatible avec Windows et Mac, ce pack est idéal pour les bureaux modernes, les espaces de travail à domicile et les utilisateurs recherchant une solution pratique et sans fil.
 
 Caractéristiques :
 
 - Clavier et souris sans fil
 
 - Technologie 2.4 GHz Wireless
 
 - Portée jusqu’à 15 mètres
 
 - Récepteur USB Plug & Play
 
 - Clavier multimédia ergonomique
 
 - Compatible Windows & Mac
 
 - Idéal pour bureau et usage domestique",Pack clavier et souris sans fil TAPPEX avec technologie 2.4G Wireless et portée jusqu’à 15 mètres. Solution pratique et moderne pour un espace de travail sans câbles.,0,"mgs_brand=TECHNO,techno_ref=8701",,simple,,base,2,Taxable Goods,search,0,999,1,,,
1140680937,"PORTE REVUES ""TECHNO""",ALGERIA,"Le porte-revues est la solution parfaite pour garder votre espace organisé. Compatible avec les documents A4, il permet un rangement vertical pratique et gain de place.
 
 Sa structure solide garantit une bonne stabilité, tandis que son design moderne s’intègre harmonieusement dans tout environnement professionnel ou domestique.
 
 - Adapté aux documents A4
 - Structure robuste
 - Gain de place
 - Idéal pour bureau, bibliothèque ou espace d’étude","Porte-revues , idéal pour organiser magazines, dossiers et documents A4. Design moderne et couleurs élégantes.",,mgs_brand=TECHNO,"Ecriture, Correction & Coloria",configurable,Products,base,2,Taxable Goods,search,0,999,1,1140669840;1140669839;1140669838;1140669837;1140669836;1140669835,,
1140680938,"CORBEILLE A COURRIERS EN PLASTIQUE ""TECHNO""",ALGERIA,"Corbeille à courriers empilable permet une organisation optimale de vos papiers au quotidien.
 
 Son système empilable facilite le classement multi-niveaux et maximise l’espace de travail. Fabriqué en plastique résistant, il garantit une longue durée d’utilisation.
 
 - Empilable et modulable
 - Compatible format A4
 - Design moderne et couleurs tendance
 - Idéal pour bureaux professionnels et usage domestique","Corbeille à courriers, empilable pour organiser vos dossiers et papiers. Solution pratique et élégante pour bureau moderne.",,mgs_brand=TECHNO,"Ecriture, Correction & Coloria",configurable,Products,base,2,Taxable Goods,search,0,999,1,1140669846;1140669845;1140669844;1140669843;1140669842;1140669841,,
1140680939,"CORBEILLE A PAPIER GM 11L ""TECHNO""",ALGERIA,"La corbeille à papier combine praticité et élégance. Conçue en plastique robuste, elle offre une excellente résistance à l’usage quotidien.
 
 Disponible en deux capacités (11L et 16L), elle s’adapte parfaitement aux espaces professionnels, scolaires ou domestiques.
 
 Sa palette de couleurs modernes apporte une touche esthétique discrète à votre environnement de travail.
 
 - Design aéré et moderne
 - Matière durable et facile à nettoyer
 - Légère et stable
 - Idéale pour bureau, chambre et salle d’étude","Corbeille à papier au design moderne et aux couleurs élégantes. Disponible en 11L idéale pour bureau, école ou maison. Plastique résistant et finition soignée.",,mgs_brand=TECHNO,,configurable,,base,2,Taxable Goods,search,0,999,1,1140669858;1140669857;1140669856;1140669855;1140669854;1140669853,,
1140680940,"CORBEILLE A PAPIER GM 16L ""TECHNO""",ALGERIA,"La corbeille à papier combine praticité et élégance. Conçue en plastique robuste, elle offre une excellente résistance à l’usage quotidien.
 
 Disponible en deux capacités (11L et 16L), elle s’adapte parfaitement aux espaces professionnels, scolaires ou domestiques.
 
 Sa palette de couleurs modernes apporte une touche esthétique discrète à votre environnement de travail.
 
 - Design aéré et moderne
 - Matière durable et facile à nettoyer
 - Légère et stable
 - Idéale pour bureau, chambre et salle d’étude","Corbeille à papier au design moderne et aux couleurs élégantes. Disponible en 16L idéale pour bureau, école ou maison. Plastique résistant et finition soignée.",,mgs_brand=TECHNO,,configurable,,base,2,Taxable Goods,search,0,999,1,1140669852;1140669851;1140669850;1140669849;1140669848;1140669847,,
1140680941,"CAISSE DE STOCKAGE PLASTIQUE PROBOX ""TECHNO""",ALGERIA,"La PROBOX 52L est une caisse de rangement solide conçue pour le stockage et la logistique. Fabriquée en polypropylène (PP) durable, elle résiste aux chocs et à une utilisation intensive.
 Avec ses dimensions 53 × 43 × 29 cm, elle offre une grande capacité tout en restant facile à manipuler et à empiler.
 
 - Capacité : 52 L
 - Plastique PP résistant
 - Compatible contact alimentaire
 - Empilable pour optimiser l’espace
 - Idéale pour stockage et transport","Boîte de rangement PROBOX 52L robuste et empilable, idéale pour le stockage et le transport. Fabriquée en plastique PP résistant, compatible contact alimentaire.",,mgs_brand=TECHNO,,configurable,,base,2,Taxable Goods,search,0,999,1,1140676527;1140676526;1140676525;1140676518;1140676516,,
1140680942,"COUVERCLE CAISSE DE STOCKAGE PLASTIQUE PROBOX ""TECHNO""",ALGERIA,"Le couvercle PROBOX est conçu pour fermer et protéger les caisses de rangement PROBOX. Fabriqué en polypropylène (PP) résistant, il assure une protection efficace contre la poussière et les saletés pendant le stockage ou le transport.
 
 Sa conception solide garantit un ajustement parfait avec les caisses PROBOX, permettant un empilage sécurisé et une meilleure organisation.
 
 - Plastique PP robuste
 - Protection contre poussière et saletés
 - Compatible avec caisses PROBOX
 - Idéal pour stockage et transport","Couvercle PROBOX robuste en plastique PP, conçu pour protéger et fermer les caisses PROBOX 52L lors du stockage ou du transport.",,mgs_brand=TECHNO,,configurable,,base,2,Taxable Goods,search,0,999,1,1140676541;1140676540;1140676539;1140676537;1140676536;1140676535,,
1140680943,"COUVERCLE CAISSE DE STOCKAGE PLASTIQUE PROBOX ""TECHNO""",ALGERIA,"Le couvercle PROBOX est conçu pour fermer et protéger les caisses de rangement PROBOX. Fabriqué en polypropylène (PP) résistant, il assure une protection efficace contre la poussière et les saletés pendant le stockage ou le transport.
 
 Sa conception solide garantit un ajustement parfait avec les caisses PROBOX, permettant un empilage sécurisé et une meilleure organisation.
 
 - Plastique PP robuste
 - Protection contre poussière et saletés
 - Compatible avec caisses PROBOX
 - Idéal pour stockage et transport","Couvercle PROBOX robuste en plastique PP, conçu pour protéger et fermer les caisses PROBOX 52L lors du stockage ou du transport.",,mgs_brand=TECHNO,,configurable,,base,2,Taxable Goods,search,0,999,1,1140676534;1140676533;1140676532;1140676531;1140676530;1140676529;1140676528,,
1140680944,"CARTOUCHE D'ENCRE THINKY POUR MARQUEUR TABLEAU BLANC 3,2 g ""TECHNO""",ALGERIA,"Les cartouches d’encre Thinky pour marqueur tableau blanc permettent de recharger facilement vos marqueurs et de prolonger leur durée d’utilisation.
 
 Avec une contenance de 6 g, elles garantissent une écriture fluide, des couleurs visibles et un effacement facile sur le tableau. Idéales pour écoles, bureaux et salles de formation, elles représentent une solution pratique et économique.
 
 Caractéristiques :
 
 - Recharge pour marqueur tableau blanc
 
 - Contenance : 6 g
 
 - Couleur : Rose, Jaune, Orange, Rouge, Vert, Noir, Bleu 
 
 - Écriture fluide et effaçable","Cartouche d'encre Thinky pour marqueur tableau blanc. Recharge pratique de 6g offrant une écriture fluide,",,mgs_brand=TECHNO,,configurable,,base,2,Taxable Goods,search,0,999,1,1140672336;1140672331;1140672330;1140616983;1140616982;1140616981;1140616980,,
1140680945,"LOUPE MACRO ""TECHNO""",CHINA,"La loupe Macro Techno est conçue pour faciliter la lecture et l’observation des petits détails. Grâce à son grossissement puissant, elle permet d’agrandir clairement les textes, images et objets.
 
 Son design ergonomique avec poignée confortable assure une prise en main facile, idéale pour les étudiants, bureaux, travaux scolaires ou loisirs. Disponible en plusieurs tailles et niveaux de grossissement pour s’adapter à différents besoins.
 
 Caractéristiques :
 
 Loupe de lecture pratique
 
 Grossissement : 100mm/ 90mm/ 75mm/ 60mm.
 
 Différents diamètres disponibles
 
 Poignée ergonomique
 
 Idéale pour lecture, école et bureau","Loupe Macro de Techno pratique pour agrandir textes et images avec une vision claire. Idéale pour la lecture, l’étude et les travaux de précision.",,mgs_brand=TECHNO,,configurable,,base,2,Taxable Goods,search,0,999,1,1140669434;1140669433;1140669158;1140669154,,
1140680946,"LOUPE VIEW ""TECHNO""",CHINA,"La loupe View de Techno est conçue pour faciliter la lecture et l’observation des petits détails. Grâce à son grossissement puissant, elle permet d’agrandir clairement les textes, images et objets.
 
 Son design ergonomique avec poignée confortable assure une prise en main facile, idéale pour les étudiants, bureaux, travaux scolaires ou loisirs. Disponible en plusieurs tailles et niveaux de grossissement pour s’adapter à différents besoins.
 
 Caractéristiques :
 
 Loupe de lecture pratique
 
 Grossissement : 100mm/ 90mm/ 75mm
 
 Différents diamètres disponibles
 
 Poignée ergonomique
 
 Idéale pour lecture, école et bureau","Loupe 100 mm de Techno pratique pour agrandir textes et images avec une vision claire. Idéale pour la lecture, l’étude et les travaux de précision",,mgs_brand=TECHNO,,configurable,,base,2,Taxable Goods,search,0,999,1,1140669437;1140669436;1140669435,,
1140680947,"LOUPE NOBLE ""TECHNO""",CHINA,"La loupe NOBLE de Techno est conçue pour faciliter la lecture et l’observation des petits détails. Grâce à son grossissement puissant, elle permet d’agrandir clairement les textes, images et objets.
 
 Son design ergonomique avec poignée confortable assure une prise en main facile, idéale pour les étudiants, bureaux, travaux scolaires ou loisirs. Disponible en plusieurs tailles et niveaux de grossissement pour s’adapter à différents besoins.
 
 Caractéristiques :
 
 Loupe de lecture pratique
 
 Grossissement : 90mm/ 75mm/ 50mm/
 
 Différents diamètres disponibles
 
 Poignée ergonomique
 
 Idéale pour lecture, école et bureau","Loupe NOBLE de Techno pratique pour agrandir textes et images avec une vision claire. Idéale pour la lecture, l’étude et les travaux de précision",,mgs_brand=TECHNO,,configurable,,base,2,Taxable Goods,search,0,999,1,1140669440;1140669439;1140669438,,