sku,Image Name,ref
1140663714,crayons-de-couleur-classic-pastel-boite-x10,111211
1140663711,crayons-de-couleur-classic-boite-de-60-pcs,111260
1140663691,crayons-graphite-eleganz-hb,111400
1140663685,crayons-graphite-dessin-2001-hb,112100
1140663692,crayons-de-couleur-parrot-aquarel-boite-x12,114462
1140663693,crayons-de-couleur-parrot-aquarel-boite-x24,114464
1140663694,crayons-de-couleur-parrot-aquarel-boite-x36,114466
1140663695,crayons-de-couleur-parrot-aquarel-boite-x48,114468
1140663715,crayons-de-couleur-classic-metalic-couleur-x05,114611
1140663678,crayons-de-couleur-naturals-boite-de-12-pcs,115012
1140663679,crayons-de-couleur-naturals-boite-de-24-pcs,115024
1140663712,crayons-de-couleur-classic-world-couleurs-boite-x10,115802
1140663713,crayons-de-couleur-classic-world-couleurs-boite-x22,115803
1140663740,crayons-de-couleur-classic-boite-rond-metal-x12,115826
1140663741,crayons-de-couleur-classic-boite-rond-metal-x24,115827
1140663742,crayons-de-couleur-classic-boite-rond-metal-x36,115828
1140663721,crayons-de-couleur-classic-boite-metalic-x12,115844
1140663723,crayons-de-couleur-classic-boite-metalic-x24,115845
1140663724,crayons-de-couleur-classic-boite-metalic-x36,115846
1140663726,crayons-de-couleur-classic-boite-metalic-x48,115849
1140663680,crayons-de-couleur-classic-mini-boite-de-12-pcs,115851
1140663681,crayons-de-couleur-classic-boite-de-12-pcs,115852
1140663682,crayons-de-couleur-classic-boite-de-24-pcs,115854
1140663683,crayons-de-couleur-classic-boite-de-36-pcs,115856
1140663684,crayons-de-couleur-classic-boite-de-48-pcs,115858
1140663727,crayons-de-couleur-classic-boite-metalic-x60,115893
1140663735,crayons-de-couleur-parrot-aquarel-metal-x12,115913
1140663736,crayons-de-couleur-parrot-aquarel-metal-x24,115925
1140663738,crayons-de-couleur-parrot-aquarel-metal-x48,115933
1140663737,crayons-de-couleur-parrot-aquarel-metal-x36,115937
1140663739,crayons-de-couleur-parrot-aquarel-metal-x60,115964
1140663716,crayons-de-couleur-fish-boite-metalic-x100,115967
1140663696,crayons-de-couleur-grip-aquarel-boite-x12,116242
1140663703,crayons-de-couleur-grip-aquarel-boite-x24,116243
1140663705,crayons-de-couleur-grip-aquarel-boite-metal-x12,116245
1140663706,crayons-de-couleur-grip-aquarel-boite-metal-x24,116246
1140663708,crayons-de-couleur-grip-aquarel-boite-metal-x36,116247
1140663746,crayons-graphite-junior-grip-2b-boite-metal-x50,116250
1140663728,crayons-de-couleur-grip-boite-de-12-pcs,116252
1140663729,crayons-de-couleur-grip-boite-de-24-pcs,116253
1140663730,crayons-de-couleur-grip-boite-metalic-x12,116255
1140663731,crayons-de-couleur-grip-boite-metalic-x24,116256
1140663732,crayons-de-couleur-grip-boite-metalic-x36,116257
1140663710,crayons-de-couleur-junior-grip-boite-rond-metal-x50,116258
1140663709,crayons-de-couleur-junior-grip-boite-de-10-pcs,116260
1140663688,crayons-de-couleur-jumbo-boite-de-12-pcs,116501
1140663687,crayons-de-couleur-jumbo-boite-de-06-pcs,116506
1140663689,crayons-de-couleur-jumbo-boite-de-24-pcs,116524
1140663690,crayons-graphite-junior-grip-2b,116594
1140663686,crayons-graphite-goldfaber-1222-hb,116800
1140663743,crayons-graphite-grip-2001-hb,317000
1140663744,crayons-graphite-grip-2001-2b,317002
1140663745,crayons-graphite-grip-2001-hb-boite-metal-x72,317072
1140659762,cahier-de-brouillon-pique-calligraphe-96p-17x22-cm-56g-seyes,2196C
1140659682,cahier-2-index-pique-calligraphe-en-pp-96p-17x22-cm-90g-seyes,18221C
1140659681,cahier-2-index-pique-calligraphe-en-pp-96p-24x32-cm-90g-seyes,18223C
1140659680,cahier-3-index-pique-calligraphe-en-pp-96p-17x22-cm-90g-seyes,18224C
1140659677,cahier-3-index-pique-calligraphe-en-pp-96p-24x32-cm-90g-seyes,18228C
1140659678,cahier-3-index-pique-calligraphe-en-pp-96p-a4-90g-seyes,18226C
1140659679,cahier-4-index-pique-calligraphe-en-pp-140p-17x22-cm-90g-seyes,18225C
1140659676,cahier-4-index-pique-calligraphe-en-pp-140p-24x32-cm-90g-seyes,18229C
1140659666,cahier-brochure-calligraphe-en-pp-192p-17x22-cm-90g-seyes,18540C
1140659667,cahier-brochure-calligraphe-en-pp-288p-17x22-cm-90g-seyes,18440C
1140671617,cahier-brochure-remborde-calligraphe-rigide-192p-17x22cm-70g,
1140659600,cahier-brochure-remborde-calligraphe-rigide-192p-17x22cm-70g-5x5,7204C
1140659592,cahier-brochure-remborde-calligraphe-rigide-192p-24x32cm-70g-seyes,7282C
1140659594,cahier-brochure-remborde-calligraphe-rigide-192p-a4-70g-seyes,7272C
1140659599,cahier-brochure-remborde-calligraphe-rigide-288p-17x22cm-70g-seyes,7207C
1140659591,cahier-brochure-remborde-calligraphe-rigide-288p-24x32cm-70g-seyes,7286C
1140659693,cahier-de-dessin-calligraphe-en-pp-32p-17x22-cm-90g-uni,18151C
1140659692,cahier-de-dessin-calligraphe-en-pp-48p-24x32-cm-120g-uni,18154C
1140659691,cahier-de-dessin-calligraphe-en-pp-96p-24x32-cm-120g-uni,18155C
1140659675,cahier-de-liaison-calligraphe-en-pp-48p-17x22-cm-90g-seyes,18230C
1140659826,cahier-de-music-et-chant-calligraphe-48p-a4-70g-seyes,564C
1140671618,cahier-integrale-calligraphe-100p-17x22-cm-70g,
1140671619,cahier-integrale-calligraphe-100p-a4-70g,
1140659761,cahier-integrale-calligraphe-100p-a4-70g-5x5,2407C
1140659770,cahier-integrale-calligraphe-100p-a4-70g-seyes,2406C
1140659789,cahier-integrale-calligraphe-148p-17x22-cm-70g-seyes,1056C
1140671620,cahier-integrale-calligraphe-180p-17x22-cm-70g,
1140671621,cahier-integrale-calligraphe-180p-24x32-cm-70g,
1140671622,cahier-pique-calligraphe-7000-192p-a4-70g,
1140671623,cahier-pique-calligraphe-7000-96p-a4-70g,
1140659857,cahier-pique-calligraphe-en-pp-192p-17x22-cm-90g-5x5,18350C
1140671624,cahier-pique-calligraphe-en-pp-192p-17x22-cm-90g-seyes,
1140659861,cahier-pique-calligraphe-en-pp-192p-17x22-cm-90g-seyes-bleu,18342C
1140659672,cahier-pique-calligraphe-en-pp-192p-17x22-cm-90g-seyes-transparent,18340C
1140659859,cahier-pique-calligraphe-en-pp-192p-17x22-cm-90g-seyes-jaune,18344C
1140660146,cahier-pique-calligraphe-en-pp-192p-17x22-cm-90g-seyes-marron,18951C
1140659830,cahier-pique-calligraphe-en-pp-192p-17x22-cm-90g-seyes-noir,18950C
1140659860,cahier-pique-calligraphe-en-pp-192p-17x22-cm-90g-seyes-rouge,18343C
1140659671,cahier-pique-calligraphe-en-pp-192p-17x22-cm-90g-seyes-vert,18345C
1140659670,cahier-pique-calligraphe-en-pp-192p-17x22-cm-90g-seyes-violet,18347C
1140659843,cahier-pique-calligraphe-en-pp-192p-24x32-cm-90g-5x5,18400C
1140671625,cahier-pique-calligraphe-en-pp-192p-24x32-cm-90g-seyes,
1140659847,cahier-pique-calligraphe-en-pp-192p-24x32-cm-90g-seyes-bleu,18392C
1140659848,cahier-pique-calligraphe-en-pp-192p-24x32-cm-90g-seyes-transparent,18390C
1140659846,cahier-pique-calligraphe-en-pp-192p-24x32-cm-90g-seyes-jaune,18394C
1140659839,cahier-pique-calligraphe-en-pp-192p-24x32-cm-90g-seyes-marron,18511C
1140659840,cahier-pique-calligraphe-en-pp-192p-24x32-cm-90g-seyes-noir,18510C
1140659845,cahier-pique-calligraphe-en-pp-192p-24x32-cm-90g-seyes-orange,18398C
1140659854,cahier-pique-calligraphe-en-pp-192p-24x32-cm-90g-seyes-rose,18381C
1140659605,cahier-pique-calligraphe-en-pp-192p-24x32-cm-90g-seyes-rouge,18393C
1140659668,cahier-pique-calligraphe-en-pp-192p-24x32-cm-90g-seyes-vert,18395C
1140659603,cahier-pique-calligraphe-en-pp-192p-24x32-cm-90g-seyes-violet,18397C
1140671627,cahier-pique-calligraphe-en-pp-192p-a4-90g-seyes,
1140659610,cahier-pique-calligraphe-en-pp-192p-a4-90g-seyes-bleu,18362C
1140659609,cahier-pique-calligraphe-en-pp-192p-a4-90g-seyes-jaune,18364C
1140659629,cahier-pique-calligraphe-en-pp-192p-a4-90g-seyes-rouge,18363C
1140659607,cahier-pique-calligraphe-en-pp-192p-a4-90g-seyes-vert,18365C
1140659669,cahier-pique-calligraphe-en-pp-192p-a4-90g-seyes-violet,18367C
1140659702,cahier-dapprentissage-de-lécriture-en-polypro-32p-17x22-cm-90g-seyès-3-mm-vert,18013C
1140659705,cahier-dapprentissage-de-lécriture-en-polypro-32p-17x22-cm-90g-seyès-3-mm-dl-rouge,18011C
1140659704,cahier-dapprentissage-de-lécriture-en-polypro-32p-17x22-cm-90g-seyès-2_5-mm-bleu,18012C
1140671671,cahier-pique-calligraphe-en-pp-48p-17x22-cm-90g-seyes,
1140659894,cahier-pique-calligraphe-en-pp-48p-17x22-cm-90g-seyes-bleu,18102C
1140659891,cahier-pique-calligraphe-en-pp-48p-17x22-cm-90g-seyes-gris,18106C
1140659889,cahier-pique-calligraphe-en-pp-48p-17x22-cm-90g-seyes-transparent,18109C
1140659892,cahier-pique-calligraphe-en-pp-48p-17x22-cm-90g-seyes-jaune,18104C
1140659833,cahier-pique-calligraphe-en-pp-48p-17x22-cm-90g-seyes-marron,18911C
1140659834,cahier-pique-calligraphe-en-pp-48p-17x22-cm-90g-seyes-noir,18910C
1140659890,cahier-pique-calligraphe-en-pp-48p-17x22-cm-90g-seyes-orange,18108C
1140659895,cahier-pique-calligraphe-en-pp-48p-17x22-cm-90g-seyes-rose,18101C
1140659893,cahier-pique-calligraphe-en-pp-48p-17x22-cm-90g-seyes-rouge,18103C
1140659703,cahier-pique-calligraphe-en-pp-48p-17x22-cm-90g-seyes-vert,18105C
1140659701,cahier-pique-calligraphe-en-pp-48p-17x22-cm-90g-seyes-violet,18107C
1140659801,cahier-pique-calligraphe-en-pp-48p-24x32-cm-90g-5x5,18065C
1140671672,cahier-pique-calligraphe-en-pp-48p-24x32-cm-90g-seyes,
1140659872,cahier-pique-calligraphe-en-pp-48p-24x32-cm-90g-seyes-bleu,18172C
1140659869,cahier-pique-calligraphe-en-pp-48p-24x32-cm-90g-seyes-transparent,18179C
1140659870,cahier-pique-calligraphe-en-pp-48p-24x32-cm-90g-seyes-orange,18178C
1140659871,cahier-pique-calligraphe-en-pp-48p-24x32-cm-90g-seyes-rouge,18173C
1140659690,cahier-pique-calligraphe-en-pp-48p-24x32-cm-90g-seyes-vert,18175C
1140659689,cahier-pique-calligraphe-en-pp-48p-24x32-cm-90g-seyes-violet,18177C
1140659800,cahier-pique-calligraphe-en-pp-48p-a4-90g-5x5,18080C
1140671673,cahier-pique-calligraphe-en-pp-48p-a4-90g-seyes,
1140659816,cahier-pique-calligraphe-en-pp-48p-a4-90g-seyes-bleu,18022C
1140659813,cahier-pique-calligraphe-en-pp-48p-a4-90g-seyes-gris,18026C
1140659807,cahier-pique-calligraphe-en-pp-48p-a4-90g-seyes-transparent,18029C
1140659814,cahier-pique-calligraphe-en-pp-48p-a4-90g-seyes-jaune,18024C
1140659837,cahier-pique-calligraphe-en-pp-48p-a4-90g-seyes-marron,18631C
1140659838,cahier-pique-calligraphe-en-pp-48p-a4-90g-seyes-noir,18630C
1140659812,cahier-pique-calligraphe-en-pp-48p-a4-90g-seyes-orange,18028C
1140659815,cahier-pique-calligraphe-en-pp-48p-a4-90g-seyes-rouge,18023C
1140659700,cahier-pique-calligraphe-en-pp-48p-a4-90g-seyes-vert,18025C
1140659699,cahier-pique-calligraphe-en-pp-48p-a4-90g-seyes-violet,18027C
1140659804,cahier-pique-calligraphe-en-pp-96p-17x22-cm-90g-5x5,18042C
1140671674,cahier-pique-calligraphe-en-pp-96p-17x22-cm-90g-seyes,
1140659887,cahier-pique-calligraphe-en-pp-96p-17x22-cm-90g-seyes-bleu,18122C
1140659884,cahier-pique-calligraphe-en-pp-96p-17x22-cm-90g-seyes-gris,18126C
1140659882,cahier-pique-calligraphe-en-pp-96p-17x22-cm-90g-seyes-transparent,18129C
1140659885,cahier-pique-calligraphe-en-pp-96p-17x22-cm-90g-seyes-jaune,18124C
1140659831,cahier-pique-calligraphe-en-pp-96p-17x22-cm-90g-seyes-marron,18931C
1140659832,cahier-pique-calligraphe-en-pp-96p-17x22-cm-90g-seyes-noir,18930C
1140659883,cahier-pique-calligraphe-en-pp-96p-17x22-cm-90g-seyes-orange,18128C
1140659888,cahier-pique-calligraphe-en-pp-96p-17x22-cm-90g-seyes-rose,18121C
1140659886,cahier-pique-calligraphe-en-pp-96p-17x22-cm-90g-seyes-rouge,18123C
1140659697,cahier-pique-calligraphe-en-pp-96p-17x22-cm-90g-seyes-vert,18125C
1140659696,cahier-pique-calligraphe-en-pp-96p-17x22-cm-90g-seyes-violet,18127C
1140659706,cahier-pique-calligraphe-en-pp-96p-24x32-cm-90g-5x5,18092C
1140671676,cahier-pique-calligraphe-en-pp-96p-24x32-90g-seyes,
1140659867,cahier-pique-calligraphe-en-pp-96p-24x32-cm-90g-seyes-bleu,18192C
1140659864,cahier-pique-calligraphe-en-pp-96p-24x32-cm-90g-seyes-gris,18196C
1140659862,cahier-pique-calligraphe-en-pp-96p-24x32-cm-90g-seyes-transparent,18199C
1140659865,cahier-pique-calligraphe-en-pp-96p-24x32-cm-90g-seyes-jaune,18194C
1140659841,cahier-pique-calligraphe-en-pp-96p-24x32-cm-90g-seyes-marron,18411C
1140659842,cahier-pique-calligraphe-en-pp-96p-24x32-cm-90g-seyes-noir,18410C
1140659863,cahier-pique-calligraphe-en-pp-96p-24x32-cm-90g-seyes-orange,18198C
1140659868,cahier-pique-calligraphe-en-pp-96p-24x32-cm-90g-seyes-rose,18181C
1140659866,cahier-pique-calligraphe-en-pp-96p-24x32-cm-90g-seyes-rouge,18193C
1140659684,cahier-pique-calligraphe-en-pp-96p-24x32-cm-90g-seyes-vert,18195C
1140659683,cahier-pique-calligraphe-en-pp-96p-24x32-cm-90g-seyes-violet,18197C
1140659856,cahier-pique-calligraphe-en-pp-96p-a4-90g-5x5,18352C
1140671677,cahier-pique-calligraphe-en-pp-96p-a4-90g-seyes,
1140659880,cahier-pique-calligraphe-en-pp-96p-a4-90g-seyes-bleu,18132C
1140659877,cahier-pique-calligraphe-en-pp-96p-a4-90g-seyes-gris,18136C
1140659873,cahier-pique-calligraphe-en-pp-96p-a4-90g-seyes-transparent,18139C
1140659878,cahier-pique-calligraphe-en-pp-96p-a4-90g-seyes-jaune,18134C
1140659835,cahier-pique-calligraphe-en-pp-96p-a4-90g-seyes-marron,18641C
1140659836,cahier-pique-calligraphe-en-pp-96p-a4-90g-seyes-noir,18640C
1140659876,cahier-pique-calligraphe-en-pp-96p-a4-90g-seyes-orange,18138C
1140659881,cahier-pique-calligraphe-en-pp-96p-a4-90g-seyes-rose,18131C
1140659879,cahier-pique-calligraphe-en-pp-96p-a4-90g-seyes-rouge,18133C
1140659695,cahier-pique-calligraphe-en-pp-96p-a4-90g-seyes-vert,18135C
1140659694,cahier-pique-calligraphe-en-pp-96p-a4-90g-seyes-violet,18137C
1140659718,cahier-pique-tp-calligraphe-144p-24x32-cm-70-avec-90g-seyes-uni,7601C
1140659721,cahier-pique-tp-calligraphe-144p-a4-70-avec-90g-seyes-uni,7599C
1140659720,cahier-pique-tp-calligraphe-96p-24x32-cm-70-avec-90g-seyes-uni,7600C
1140659673,cahier-pique-tp-calligraphe-en-pp-192p-24x32-cm-90g-seyes-uni,18289C
1140659674,cahier-pique-tp-calligraphe-en-pp-192p-a4-90g-seyes-uni,18288C
1140659688,cahier-pique-tp-calligraphe-en-pp-64p-17x22-cm-90g-seyes-uni,18185C
1140659687,cahier-pique-tp-calligraphe-en-pp-96p-17x22-cm-90g-seyes-uni,18186C
1140659685,cahier-pique-tp-calligraphe-en-pp-96p-24x32-cm-90g-seyes-uni,18189C
1140659686,cahier-pique-tp-calligraphe-en-pp-96p-a4-90g-seyes-uni,18187C
1140659698,cahier-poesie-et-chant-pique-calligraphe-en-pp-48p-17x22-cm,18120C
1140659606,feuillets-mobiles-calligraphe-100p-a4-80g-seyes-s-film-blanc,2376C
1140659622,papier-buvard-calligraphe-10f-16x21-cm-100g,1002C
1140659665,repertoire-pique-calligraphe-en-pp-96p-11x17-cm-90g-5x5,18850C
1140659664,repertoire-pique-calligraphe-en-pp-96p-17x22-cm-90g-seyes,18851C