"Entity ID",SKU,"Product Type","Product Name","Image Path",Status,Reason
6490,1140608863,configurable,"FEUTRE DE COLORIAGE 12 PIECES SOUS LICENSE ""TECHNO"" REF: 4601",/f/e/feutre-de-coloriage-12-pcs-sous-license-techno-ref-4601-2.jpg,1,"File not found"
7352,1140594456,simple,"PORTE VALISE PLIABLE MARRON 60 x 45 x 67 CM TECHNO REF: 0174",/p/o/porte-valise-pliable-marron-60-x-45-x-67-cm-techno-ref-0174.jpg,1,"File not found"
8175,1140622675,configurable,"COMPAS ECOLIER A BAGUE ""TECHNO"" REF: 5363",/c/o/compas-ecolier-a-bague-techno-ref-5363.jpg,1,"File not found"
8533,1140654862,simple,"PATE A MODELER 12 COULEURS PASTELS SOUS BLISTER ""TECHNO"" REF: 7219",/p/a/pate-a-modeler-12-couleurs-pastels-sous-blister-techno-ref-7219.jpg,1,"File not found"
8607,1140660849,simple,"ENSEMBLE DE TRACAGE 03 PCS-30 cm LA COULEUR ROSE ""TECHNO"" REF: 9934",/e/n/ensemble-de-tracage-03-pcs-30-cm-la-couleur-rose-techno-ref-9934.jpg,1,"File not found"
8608,1140660850,simple,"ENSEMBLE DE TRACAGE 03 PCS-30 cm LA COULEUR VERT ""TECHNO"" REF: 9934",/e/n/ensemble-de-tracage-03-pcs-30-cm-la-couleur-vert-techno-ref-9934.jpg,1,"File not found"
8609,1140660851,simple,"ENSEMBLE DE TRACAGE 03 PCS-30 cm LA COULEUR BLEU ""TECHNO"" REF: 9934",/e/n/ensemble-de-tracage-03-pcs-30-cm-la-couleur-bleu-techno-ref-9934.jpg,1,"File not found"
8610,1140660852,simple,"ENSEMBLE DE TRACAGE 03 PCS-30 cm LA COULEUR ORANGE ""TECHNO"" REF: 9934",/e/n/ensemble-de-tracage-03-pcs-30-cm-la-couleur-orange-techno-ref-9934.jpg,1,"File not found"
8611,1140660853,simple,"ENSEMBLE DE TRACAGE 03 PCS-30 cm LA COULEUR VIOLET ""TECHNO"" REF: 9934",/e/n/ensemble-de-tracage-03-pcs-30-cm-la-couleur-violet-techno-ref-9934.jpg,1,"File not found"
8612,1140660854,simple,"ENSEMBLE DE TRACAGE 03 PCS-30 cm LA COULEUR TRANSPARENTE ""TECHNO"" REF: 9934",/e/n/ensemble-de-tracage-03-pcs-30-cm-la-couleur-transparente-techno-ref-9934.jpg,1,"File not found"
8613,1140660855,simple,"ENSEMBLE DE TRACAGE 03 PCS-20 cm LA COULEUR ROSE ""TECHNO"" REF: 9933",/e/n/ensemble-de-tracage-03-pcs-20-cm-la-couleur-rose-techno-ref-9933.jpg,1,"File not found"
8616,1140660889,simple,"ENSEMBLE DE TRACAGE 03 PCS-20 cm LA COULEUR ORANGE ""TECHNO"" REF: 9933",/e/n/ensemble-de-tracage-03-pcs-20-cm-la-couleur-orange-techno-ref-9933.jpg,1,"File not found"
8617,1140660890,simple,"ENSEMBLE DE TRACAGE 03 PCS-20 cm LA COULEUR VIOLET ""TECHNO"" REF: 9933",/e/n/ensemble-de-tracage-03-pcs-20-cm-la-couleur-violet-techno-ref-9933.jpg,1,"File not found"
8620,1140660893,simple,"REGLE ECOLIER PLATE 30 cm COULEUR JAUNE ""TECHNO"" REF: 9932",/r/e/regle-ecolier-plate-30-cm-couleur-jaune-techno-ref-9932.png,1,"File not found"
8621,1140660894,simple,"REGLE ECOLIER PLATE 30 cm COULEUR BLEU ""TECHNO"" REF: 9932",/r/e/regle-ecolier-plate-30-cm-couleur-bleu-techno-ref-9932.png,1,"File not found"
8622,1140660895,simple,"REGLE ECOLIER PLATE 30 cm COULEUR ORANGE ""TECHNO"" REF: 9932",/r/e/regle-ecolier-plate-30-cm-couleur-orange-techno-ref-9932.png,1,"File not found"
8623,1140660896,simple,"REGLE ECOLIER PLATE 30 cm COULEUR VIOLET ""TECHNO"" REF: 9932",/r/e/regle-ecolier-plate-30-cm-couleur-violet-techno-ref-9932.png,1,"File not found"
8624,1140660897,simple,"REGLE ECOLIER PLATE 30 cm COULEUR TRANSPARENT ""TECHNO"" REF: 9932",/r/e/regle-ecolier-plate-30-cm-couleur-transparent-techno-ref-9932.png,1,"File not found"
8625,1140660898,simple,"REGLE ECOLIER PLATE 20 cm LA COULEUR ROSE ""TECHNO"" REF: 9931",/r/e/regle-ecolier-plate-20-cm-la-couleur-rose-techno-ref-9931.png,1,"File not found"
8626,1140660899,simple,"REGLE ECOLIER PLATE 20 cm LA COULEUR JAUNE ""TECHNO"" REF: 9931",/r/e/regle-ecolier-plate-20-cm-la-couleur-jaune-techno-ref-9931.png,1,"File not found"
8627,1140660900,simple,"REGLE ECOLIER PLATE 20 cm LA COULEUR BLEU ""TECHNO"" REF: 9931",/r/e/regle-ecolier-plate-20-cm-la-couleur-bleu-techno-ref-9931.png,1,"File not found"
8629,1140660902,simple,"REGLE ECOLIER PLATE 20 cm LA COULEUR VIOLET ""TECHNO"" REF: 9931",/r/e/regle-ecolier-plate-20-cm-la-couleur-violet-techno-ref-9931.png,1,"File not found"
8630,1140660903,simple,"REGLE ECOLIER PLATE 20 cm LA COULEUR TRANSPARENTE ""TECHNO"" REF: 9931",/r/e/regle-ecolier-plate-20-cm-la-couleur-transparente-techno-ref-9931.png,1,"File not found"
8631,1140660904,simple,"COMPAS BAGUE COFFRET 3PCS LA COULEUR BLEU PASTEL CUTY ""TECHNO"" REF: 6519",/c/o/compas-bague-coffret-3pcs-la-couleur-bleu-pastel-cuty-techno-ref-6519.png,1,"File not found"
8632,1140660905,simple,"COMPAS BAGUE COFFRET 3PCS LA COULEUR VERT PASTEL CUTY ""TECHNO"" REF: 6519",/c/o/compas-bague-coffret-3pcs-la-couleur-vert-pastel-cuty-techno-ref-6519.png,1,"File not found"
8633,1140660906,simple,"COMPAS BAGUE COFFRET 3PCS LA COULEUR VIOLET PASTEL CUTY ""TECHNO"" REF: 6519",/c/o/compas-bague-coffret-3pcs-la-couleur-violet-pastel-cuty-techno-ref-6519.png,1,"File not found"
8634,1140660907,simple,"COMPAS BAGUE COFFRET 3PCS LA COULEUR ROSE PASTEL CUTY ""TECHNO"" REF: 6519",/c/o/compas-bague-coffret-3pcs-la-couleur-rose-pastel-cuty-techno-ref-6519.png,1,"File not found"
8733,1140659749,simple,"CAHIER MUSIQUE PIQURE 48 PAGES A4 90g ""CLAIREFONTAINE"" REF:3114C",/c/a/cahier-musique-piqure-48-pages-a4-90g-clairefontaine-ref-3114c_1.jpg,1,"File not found"
8734,1140659743,simple,"CAHIER PIQURE TP 80 PAGES A4 90g SEYES & UNI ""CLAIREFONTAINE"" REF:3167C",/c/a/cahier-piqure-tp-80-pages-a4-90g-seyes-et-uni-clairefontaine-ref-3167c.jpg,1,"File not found"
8735,1140659660,simple,"CAHIER PIQURE 144 PAGES A4 90g 5X5 ""CLAIREFONTAINE"" REF:63182C",/c/a/cahier-piqure-144-pages-a4-90g-5x5-clairefontaine-ref-63182c.jpg,1,"File not found"
8736,1140659659,simple,"CAHIER PIQURE 192 PAGES 240x320mm 90g SEYES ""CLAIREFONTAINE"" REF:63341C",/c/a/cahier-piqure-192-pages-240x320mm-90g-seyes-clairefontaine-ref-63341c.jpg,1,"File not found"
8737,1140659663,simple,"CAHIER PIQURE 192 PAGES A4 90g SEYES ""CLAIREFONTAINE"" REF:63141C",/c/a/cahier-piqure-192-pages-a4-90g-seyes-clairefontaine-ref-63141c.jpg,1,"File not found"
8738,1140659741,simple,"CAHIER D'ECRITURE PIQURE 32 PAGES 170x220mm 90g DOUBLE LIGNE 2mm IV ""CLAIREFONTAINE"" REF:3999C",/c/a/cahier-piqure-32-pages-170x220mm-90g-double-ligne-2mm-iv-clairefontaine-ref-3999c.jpg,1,"File not found"
8739,1140659742,simple,"CAHIER D'ECRITURE PIQURE 32 PAGES 170X220mm 90g DOUBLE LIGNE 3mm I ""CLAIREFONTAINE"" REF:3793C",/c/a/cahier-piqure-32-pages-170x220mm-90g-double-ligne-3mm-i-clairefontaine-ref-3793c.jpg,1,"File not found"
8740,1140659740,simple,"CAHIER D'ECRITURE PIQURE 32 PAGES 170X220mm 90g DOUBLE LIGNE 3mm IV ""CLAIREFONTAINE"" REF:3794C",/c/a/cahier-piqure-32-pages-170x220mm-90g-double-ligne-3mm-iv-clairefontaine-ref-3794c.jpg,1,"File not found"
8741,1140659736,simple,"CAHIER D'ECRITURE PIQURE 32 PAGES 170X220mm 90g SEYES 3mm ""CLAIREFONTAINE"" REF:3796C",/c/a/cahier-piqure-32-pages-170x220mm-90g-seyes-3mm-clairefontaine-ref-3796c.jpg,1,"File not found"
8742,1140659738,simple,"CAHIER D'ECRITURE PIQURE 32 PAGES 170X220mm 90g SEYES 4mm ""CLAIREFONTAINE"" REF:3795C",/c/a/cahier-piqure-32-pages-170x220mm-90g-seyes-4mm-clairefontaine-ref-3795c.jpg,1,"File not found"
8744,1140659579,simple,"CAHIER PIQURE 48 PAGES 170X220mm 90g SEYES ""CLAIREFONTAINE"" REF:63751C",/c/a/cahier-piqure-48-pages-170x220mm-90g-seyes-clairefontaine-ref-63751c.jpg,1,"File not found"
8745,1140659753,simple,"CAHIER PIQURE 48 PAGES 240x320mm 90g 5X5 ""CLAIREFONTAINE"" REF:3312C",/c/a/cahier-piqure-48-pages-240x320mm-90g-5x5-clairefontaine-ref-3312c.jpg,1,"File not found"
8746,1140659756,simple,"CAHIER PIQURE 48 PAGES 240x320mm 90g SEYES ""CLAIREFONTAINE"" REF:3311C",/c/a/cahier-piqure-48-pages-240x320mm-90g-seyes-clairefontaine-ref-3311c.jpg,1,"File not found"
8747,1140659750,simple,"CAHIER PIQURE 48 PAGES A4 90g 5X5 ""CLAIREFONTAINE"" REF:3102C",/c/a/cahier-piqure-192-pages-240x320mm-90g-seyes-clairefontaine-ref-63341c_1.jpg,1,"File not found"
8748,1140659752,simple,"CAHIER PIQURE 48 PAGES A4 90g SEYES ""CLAIREFONTAINE"" REF:3101C",/c/a/cahier-piqure-48-pages-a4-90g-seyes-clairefontaine-ref-3101c.jpg,1,"File not found"
8749,1140659657,simple,"CAHIER PIQURE 96 PAGES 240x320mm 90g 5X5 ""CLAIREFONTAINE"" REF:63362C",/c/a/cahier-piqure-96-pages-240x320mm-90g-5x5-clairefontaine-ref-63362c.jpg,1,"File not found"
8750,1140659658,simple,"CAHIER PIQURE 96 PAGES 240x320mm 90g SEYES ""CLAIREFONTAINE"" REF:63361C",/c/a/cahier-piqure-96-pages-240x320mm-90g-seyes-clairefontaine-ref-63361c.jpg,1,"File not found"
8751,1140659661,simple,"CAHIER PIQURE 96 PAGES A4 90g 5X5 ""CLAIREFONTAINE"" REF:63162C",/c/a/cahier-piqure-96-pages-240x320mm-90g-seyes-clairefontaine-ref-63361c_1.jpg,1,"File not found"
8752,1140659662,simple,"CAHIER PIQURE 96 PAGES A4 90g SEYES ""CLAIREFONTAINE"" REF:63161C",/c/a/cahier-piqure-96-pages-a4-90g-seyes-clairefontaine-ref-63161c.jpg,1,"File not found"
8754,1140659794,simple,"CAHIER SPIRALE 160 PAGES A4+ 90g 5X5 ""CLAIREFONTAINE"" REF:8252C",/c/a/cahier-spirale-160-pages-a4-avec-90g-5x5-clairefontaine-ref-8252c.jpg,1,"File not found"
8755,1140659798,simple,"CAHIER SPIRALE 160 PAGES A4+ 90g SEYES ""CLAIREFONTAINE"" REF:8251C",/c/a/cahier-spirale-160-pages-a4-avec-90g-seyes-clairefontaine-ref-8251c.jpg,1,"File not found"
8756,1140659653,simple,"CARNET BROCHURE 192 PAGES 110X170mm 90g 5X5 ""CLAIREFONTAINE"" REF:69602C",/c/a/carnet-brochure-192-pages-110x170mm-90g-5x5-clairefontaine-ref-69602c.jpg,2,"File not found"
8757,1140659654,simple,"CARNET BROCHURE REMBORDEE 192 PAGES 110X170mm 90g 5X5 ""CLAIREFONTAINE"" REF:69502C",/c/a/carnet-brochure-rembordee-192-pages-110x170mm-90g-5x5-clairefontaine-ref-69502c.jpg,2,"File not found"
8815,1140660694,simple,"TROUSSE SILICONE STRETCH SAUMON ""TECHNO"" REF: 7402",/t/r/trousse-silicone-stretch-saumon-techno-ref-7402.jpg,1,"File not found"
8898,1140656069,simple,"FEUTRE POINTE FINE POINT 88 ARTY POCHETTE ROULEAU DE 25 PCS REF: 8825-071-20",/f/e/feutre-pointe-fine-point-88-arty-pochette-rouleau-de-25-pcs_ref_8825-071-20.jpg,1,"File not found"
9298,1140659762,simple,"CAHIER DE BROUILLON PIQUE CALLIGRAPHE 96P 17x22 CM 56G SEYES ""CALLIGRAPHE"" REF:2196C",/c/a/cahier-de-brouillon-pique-calligraphe-96p-17x22-cm-56g-seyes_2.jpg,1,"File not found"
9299,1140671617,configurable,"CAHIER BROCHURE REMBORDE CALLIGRAPHE RIGIDE 192P 17x22CM 70G ""CALLIGRAPHE""",/c/a/cahier-brochure-remborde-calligraphe-rigide-192p-17x22cm-70g.jpeg,1,"File not found"
9300,1140659600,simple,"CAHIER BROCHURE REMBORDE CALLIGRAPHE RIGIDE 192P 17x22CM 70G 5X5 ""CALLIGRAPHE"" REF:7204C",/c/a/cahier-brochure-remborde-calligraphe-rigide-192p-17x22cm-70g-5x5_2.jpeg,1,"File not found"
9301,1140659601,simple,"CAHIER BROCHURE REMBORDE CALLIGRAPHE RIGIDE 192P 17x22CM 70G SEYES ""CALLIGRAPHE"" REF:7203C",/c/a/cahier-brochure-remborde-calligraphe-rigide-192p-17x22cm-70g-seyes_1.jpg,1,"File not found"
9302,1140659592,simple,"CAHIER BROCHURE REMBORDE CALLIGRAPHE RIGIDE 192P 24x32CM 70G SEYES ""CALLIGRAPHE"" REF:7282C",/c/a/cahier-brochure-remborde-calligraphe-rigide-192p-24x32cm-70g-seyes.jpeg,1,"File not found"
9303,1140659594,simple,"CAHIER BROCHURE REMBORDE CALLIGRAPHE RIGIDE 192P A4 70G SEYES ""CALLIGRAPHE"" REF:7272C",/c/a/cahier-brochure-remborde-calligraphe-rigide-192p-a4-70g-seyes_3.jpeg,1,"File not found"
9304,1140659599,simple,"CAHIER BROCHURE REMBORDE CALLIGRAPHE RIGIDE 288P 17x22CM 70G SEYES ""CALLIGRAPHE"" REF:7207C",/c/a/cahier-brochure-remborde-calligraphe-rigide-288p-17x22cm-70g-seyes_5.jpeg,1,"File not found"
9305,1140659591,simple,"CAHIER BROCHURE REMBORDE CALLIGRAPHE RIGIDE 288P 24x32CM 70G SEYES ""CALLIGRAPHE"" REF:7286C",/c/a/cahier-brochure-remborde-calligraphe-rigide-288p-24x32cm-70g-seyes_10.jpeg,1,"File not found"
9306,1140659781,simple,"CAHIER BROCHURE SOUPLE CALLIGRAPHE 192P 17x22 CM 70G SEYES ""CALLIGRAPHE"" REF:203C",/c/a/cahier-brochure-souple-calligraphe-192p-17x22-cm-70g-seyes_1.jpg,1,"File not found"
9307,1140660004,simple,"CAHIER BROCHURE SOUPLE CALLIGRAPHE 192P 24x32 CM 70G SEYES ""CALLIGRAPHE"" REF:2282C",/c/a/cahier-brochure-souple-calligraphe-192p-24x32-cm-70g-seyes_1.jpg,1,"File not found"
9308,1140659760,simple,"CAHIER BROCHURE SOUPLE CALLIGRAPHE 192P A4 70G SEYES ""CALLIGRAPHE"" REF:2272C",/c/a/cahier-brochure-souple-calligraphe-192p-a4-70g-seyes_1.jpg,1,"File not found"
9309,1140659779,simple,"CAHIER BROCHURE SOUPLE CALLIGRAPHE 288P 17x22 CM 70G SEYES ""CALLIGRAPHE"" REF:207C",/c/a/cahier-brochure-souple-calligraphe-288p-17x22-cm-70g-seyes_5.jpeg,1,"File not found"
9310,1140659729,simple,"CAHIER DE DESSIN CALLIGRAPHE 32P 17x22 CM 90G UNI ""CALLIGRAPHE"" REF:7551C",/c/a/cahier-de-dessin-calligraphe-32p-17x22-cm-90g-uni_1.jpg,1,"File not found"
9311,1140659727,simple,"CAHIER DE DESSIN CALLIGRAPHE 32P 24x32 CM 120G UNI ""CALLIGRAPHE"" REF:7553C",/c/a/cahier-de-dessin-calligraphe-32p-24x32-cm-120g-uni_1.jpg,1,"File not found"
9316,1140659827,simple,"CAHIER DE MUSIC & CHANT CALLIGRAPHE 48P 17x22 CM 70G SEYES ""CALLIGRAPHE"" REF:563C",/c/a/cahier-de-music-et-chant-calligraphe-48p-17x22-cm-70g-seyes_1.jpg,1,"File not found"
9317,1140659826,simple,"CAHIER DE MUSIC & CHANT CALLIGRAPHE 48P A4 70G SEYES ""CALLIGRAPHE"" REF:564C",/c/a/cahier-de-music-et-chant-calligraphe-48p-a4-70g-seyes_4.jpeg,1,"File not found"
9318,1140659772,simple,"CAHIER ECRITURE PIQUE CALLIGRAPHE 32P 17x22 CM 70G DL 2 CM IV ""CALLIGRAPHE"" REF:507C",/c/a/cahier-ecriture-pique-calligraphe-32p-17x22-cm-70g-dl-2-cm-iv_1.jpg,1,"File not found"
9319,1140659773,simple,"CAHIER ECRITURE PIQUE CALLIGRAPHE 32P 17x22 CM 70G DL 3 CM IV ""CALLIGRAPHE"" REF:505C",/c/a/cahier-ecriture-pique-calligraphe-32p-17x22-cm-70g-dl-3-cm-iv_1.jpg,1,"File not found"
9320,1140659788,simple,"CAHIER ECRITURE PIQUE CALLIGRAPHE 32P 17x22 CM 70G SEYES 3 CM ""CALLIGRAPHE"" REF:1503C",/c/a/cahier-ecriture-pique-calligraphe-32p-17x22-cm-70g-seyes-3-cm_1.jpg,1,"File not found"
9322,1140659780,simple,"CAHIER INTEGRALE CALLIGRAPHE 100P 17x22 CM 70G 5X5 ""CALLIGRAPHE"" REF:402C",/c/a/cahier-integrale-calligraphe-100p-17x22-cm-70g-5x5_1.jpg,1,"File not found"
9323,1140659774,simple,"CAHIER INTEGRALE CALLIGRAPHE 100P 17x22 CM 70G SEYES ""CALLIGRAPHE"" REF:401C",/c/a/cahier-integrale-calligraphe-100p-17x22-cm-70g-seyes_1.jpg,1,"File not found"
9329,1140659776,simple,"CAHIER INTEGRALE CALLIGRAPHE 180P 17x22 CM 70G 5X5 ""CALLIGRAPHE"" REF:404C",/c/a/cahier-integrale-calligraphe-180p-17x22-cm-70g-5x5_1.jpg,1,"File not found"
9330,1140659778,simple,"CAHIER INTEGRALE CALLIGRAPHE 180P 17x22 CM 70G SEYES ""CALLIGRAPHE"" REF:403C",/c/a/cahier-integrale-calligraphe-180p-17x22-cm-70g-seyes_1.jpg,1,"File not found"
9332,1140659771,simple,"CAHIER INTEGRALE CALLIGRAPHE 180P 24x32 CM 70G 5X5 ""CALLIGRAPHE"" REF:560C",/c/a/cahier-integrale-calligraphe-180p-24x32-cm-70g-5x5_1.jpg,1,"File not found"
9333,1140659775,simple,"CAHIER INTEGRALE CALLIGRAPHE 180P 24x32 CM 70G SEYES ""CALLIGRAPHE"" REF:360C",/c/a/cahier-integrale-calligraphe-180p-24x32-cm-70g-seyes_1.jpg,1,"File not found"
9334,1140659799,simple,"CAHIER DE TEXTE INTEGRALE CALLIGRAPHE EN PP 124P 17x22 CM 90G SEYES ""CALLIGRAPHE"" REF:458460C",/c/a/cahier-de-texte-integrale-calligraphe-en-pp-124p-17x22-cm-90g-seyes_1.jpg,1,"File not found"
9335,1140659739,simple,"CAHIER PIQUE 7000 32P CALLIGRAPHE 17x22 CM 70G SEYES ""CALLIGRAPHE"" REF:7002C",/c/a/cahier-pique-7000-32p-calligraphe-17x22-cm-70g-seyes_1.jpg,1,"File not found"
9336,1140659733,simple,"CAHIER PIQUE 7000 96P CALLIGRAPHE 17x22 CM 70G SEYES ""CALLIGRAPHE"" REF:7103C",/c/a/cahier-pique-7000-96p-calligraphe-17x22-cm-70g-seyes_1.jpg,1,"File not found"
9337,1140659731,simple,"CAHIER PIQUE CALLIGRAPHE 7000 140P 17x22 CM 70G SEYES ""CALLIGRAPHE"" REF:7107C",/c/a/cahier-pique-calligraphe-7000-140p-17x22-cm-70g-seyes_1.jpg,1,"File not found"
9338,1140659726,simple,"CAHIER PIQUE CALLIGRAPHE 7000 140P A4 70G SEYES ""CALLIGRAPHE"" REF:7133C",/c/a/cahier-pique-calligraphe-7000-140p-a4-70g-seyes_1.jpg,1,"File not found"
9340,1140659734,simple,"CAHIER PIQUE CALLIGRAPHE 7000 192P A4 70G 5X5 ""CALLIGRAPHE"" REF:7145C",/c/a/cahier-pique-calligraphe-7000-192p-a4-70g-5x5_1.jpg,1,"File not found"
9341,1140659725,simple,"CAHIER PIQUE CALLIGRAPHE 7000 192P A4 70G SEYES ""CALLIGRAPHE"" REF:7143C",/c/a/cahier-pique-calligraphe-7000-192p-a4-70g-seyes_4.jpeg,1,"File not found"
9342,1140659737,simple,"CAHIER PIQUE CALLIGRAPHE 7000 48P 17x22 CM 70G SEYES ""CALLIGRAPHE"" REF:7004C",/c/a/cahier-pique-calligraphe-7000-48p-17x22-cm-70g-seyes_1.jpg,1,"File not found"
9343,1140659730,simple,"CAHIER PIQUE CALLIGRAPHE 7000 48P A4 70G SEYES ""CALLIGRAPHE"" REF:7121C",/c/a/cahier-pique-calligraphe-7000-48p-a4-70g-seyes_1.jpg,1,"File not found"
9344,1140659735,simple,"CAHIER PIQUE CALLIGRAPHE 7000 60P 17x22 CM 70G SEYES ""CALLIGRAPHE"" REF:7005C",/c/a/cahier-pique-calligraphe-7000-60p-17x22-cm-70g-seyes_1.jpg,1,"File not found"
9345,1140659732,simple,"CAHIER PIQUE CALLIGRAPHE 7000 96P 17x22 CM 70G 5X5 ""CALLIGRAPHE"" REF:7153C",/c/a/cahier-pique-calligraphe-7000-96p-17x22-cm-70g-5x5_1.jpg,1,"File not found"
9347,1140659602,simple,"CAHIER PIQUE CALLIGRAPHE 7000 96P A4 70G 5X5 ""CALLIGRAPHE"" REF:7125C",/c/a/cahier-pique-calligraphe-7000-96p-a4-70g-5x5_1.jpg,1,"File not found"
9348,1140659728,simple,"CAHIER PIQUE CALLIGRAPHE 7000 96P A4 70G SEYES ""CALLIGRAPHE"" REF:7123C",/c/a/cahier-pique-calligraphe-7000-96p-a4-70g-seyes_1.jpg,1,"File not found"
9377,1140659702,simple,"CAHIER D'APPRENTISSAGE DE L'ECRITURE EN POLYPRO 32P 17X22 CM 90G SEYES 3 MM VERT ""CALLIGRAPHE"" REF:18013C",/c/a/cahier-dapprentissage-de-l_criture-en-polypro-32p-17x22-cm-90g-sey_s-3-mm-vert_1.jpg,1,"File not found"
9378,1140659705,simple,"CAHIER D'APPRENTISSAGE DE L'ECRITURE EN POLYPRO 32P 17X22 CM 90G SEYES  3 MM DL ROUGE ""CALLIGRAPHE"" REF:18011C",/c/a/cahier-dapprentissage-de-l_criture-en-polypro-32p-17x22-cm-90g-sey_s-3-mm-dl-rouge_1.jpg,1,"File not found"
9379,1140659704,simple,"CAHIER D'APPRENTISSAGE DE L'ECRITURE EN POLYPRO 32P 17X22 CM 90G SEYES  2 5 MM BLEU ""CALLIGRAPHE"" REF:18012C",/c/a/cahier-dapprentissage-de-l_criture-en-polypro-32p-17x22-cm-90g-sey_s-2_5-mm-bleu_1.jpg,1,"File not found"
9451,1140659718,simple,"CAHIER PIQUE TP CALLIGRAPHE 144P 24x32 CM 70+90G SEYES UNI ""CALLIGRAPHE"" REF:7601C",/c/a/cahier-pique-tp-calligraphe-144p-24x32-cm-70-avec-90g-seyes-uni_4.jpeg,1,"File not found"
9452,1140659721,simple,"CAHIER PIQUE TP CALLIGRAPHE 144P A4 70+90G SEYES UNI ""CALLIGRAPHE"" REF:7599C",/c/a/cahier-pique-tp-calligraphe-144p-a4-70-avec-90g-seyes-uni_3.jpeg,1,"File not found"
9453,1140659755,simple,"CAHIER PIQUE TP CALLIGRAPHE 48P 17x22 CM 70+90G SEYES UNI ""CALLIGRAPHE"" REF:2590C",/c/a/cahier-pique-tp-calligraphe-48p-17x22-cm-70-avec-90g-seyes-uni.jpg,1,"File not found"
9454,1140659724,simple,"CAHIER PIQUE TP CALLIGRAPHE 48P A4 70+90G SEYES UNI ""CALLIGRAPHE"" REF:7597C",/c/a/cahier-pique-tp-calligraphe-48p-a4-70-avec-90g-seyes-uni.jpg,1,"File not found"
9455,1140659757,simple,"CAHIER PIQUE TP CALLIGRAPHE 64P 17x22 CM 70+90G SEYES UNI ""CALLIGRAPHE"" REF:2573C",/c/a/cahier-pique-tp-calligraphe-64p-17x22-cm-70-avec-90g-seyes-uni.jpg,1,"File not found"
9456,1140659791,simple,"CAHIER PIQUE TP CALLIGRAPHE 64P A4 70+90G SEYES UNI ""CALLIGRAPHE"" REF:48C",/c/a/cahier-pique-tp-calligraphe-64p-a4-70-avec-90g-seyes-uni.jpg,1,"File not found"
9457,1140659754,simple,"CAHIER PIQUE TP CALLIGRAPHE 96P 17x22 CM 70+90G SEYES UNI ""CALLIGRAPHE"" REF:2592C",/c/a/cahier-pique-tp-calligraphe-96p-17x22-cm-70-avec-90g-seyes-uni.jpg,1,"File not found"
9458,1140659720,simple,"CAHIER PIQUE TP CALLIGRAPHE 96P 24x32 CM 70+90G SEYES UNI ""CALLIGRAPHE"" REF:7600C",/c/a/cahier-pique-tp-calligraphe-96p-24x32-cm-70-avec-90g-seyes-uni_4.jpeg,1,"File not found"
9459,1140659722,simple,"CAHIER PIQUE TP CALLIGRAPHE 96P A4 70+90G SEYES UNI ""CALLIGRAPHE"" REF:7598C",/c/a/cahier-pique-tp-calligraphe-96p-a4-70-avec-90g-seyes-uni.jpg,1,"File not found"
9467,1140659782,simple,"CARNET INTEGRALE CALLIGRAPHE 100P 11x17 CM 70G 5X5 ""CALLIGRAPHE"" REF:76C",/c/a/carnet-integrale-calligraphe-100p-11x17-cm-70g-5x5.jpg,1,"File not found"
9470,1140659790,simple,"CARNET PIQUE CALLIGRAPHE 96P 9X14 CM 70G 5X5 ""CALLIGRAPHE"" REF:68C",/c/a/carnet-pique-calligraphe-96p-9x14-cm-70g-5x5.jpg,1,"File not found"
9471,1140659616,simple,"COPIES DOUBLES CALLIGRAPHE 200P A4 70G SEYES S/FILM ""CALLIGRAPHE"" REF:5615C",/c/o/copies-doubles-calligraphe-200p-a4-70g-seyes-s-film.jpg,1,"File not found"
9473,1140659608,simple,"FEUILLETS MOBILES CALLIGRAPHE 200P 90G 17x22 SEYES S/FILM BLANC ""CALLIGRAPHE"" REF:2084C",/f/e/feuillets-mobiles-calligraphe-200p-90g-17x22-seyes-s-film-blanc.jpg,1,"File not found"
9474,1140659604,simple,"FEUILLETS MOBILES CALLIGRAPHE 200P A4 80G SEYES S/FILM BLANC ""CALLIGRAPHE"" REF:2676C",/f/e/feuillets-mobiles-calligraphe-200p-a4-80g-seyes-s-film-blanc.jpg,1,"File not found"
9476,1140659777,simple,"REPERTOIRE INTEGRALE CALLIGRAPHE 100P 11x17 CM 70G 5X5 ""CALLIGRAPHE"" REF:241C",/r/e/repertoire-integrale-calligraphe-100p-11x17-cm-70g-5x5.jpg,1,"File not found"
9477,1140659769,simple,"REPERTOIRE INTEGRALE CALLIGRAPHE 96P 11x17 CM 70G 5X5 ""CALLIGRAPHE"" REF:841C",/r/e/repertoire-integrale-calligraphe-96p-11x17-cm-70g-5x5.jpg,1,"File not found"
4499,1062309,simple,"ALBUM CROQUIS 1557 A GRAIN ADOUCI 50F A4 21x29.7 120g ""CANSON"" REF: 4127-418 5242 31412A001",no_selection,1,"No image assigned (no_selection)"
4499,1062309,simple,"ALBUM CROQUIS 1557 A GRAIN ADOUCI 50F A4 21x29.7 120g ""CANSON"" REF: 4127-418 5242 31412A001",no_selection,2,"No image assigned (no_selection)"
4499,1062309,simple,"ALBUM CROQUIS 1557 A GRAIN ADOUCI 50F A4 21x29.7 120g ""CANSON"" REF: 4127-418 5242 31412A001",no_selection,1,"No image assigned (no_selection)"
4499,1062309,simple,"ALBUM CROQUIS 1557 A GRAIN ADOUCI 50F A4 21x29.7 120g ""CANSON"" REF: 4127-418 5242 31412A001",no_selection,2,"No image assigned (no_selection)"
4499,1062309,simple,"ALBUM CROQUIS 1557 A GRAIN ADOUCI 50F A4 21x29.7 120g ""CANSON"" REF: 4127-418 5242 31412A001",no_selection,1,"No image assigned (no_selection)"
4499,1062309,simple,"ALBUM CROQUIS 1557 A GRAIN ADOUCI 50F A4 21x29.7 120g ""CANSON"" REF: 4127-418 5242 31412A001",no_selection,2,"No image assigned (no_selection)"
4499,1062309,simple,"ALBUM CROQUIS 1557 A GRAIN ADOUCI 50F A4 21x29.7 120g ""CANSON"" REF: 4127-418 5242 31412A001",no_selection,1,"No image assigned (no_selection)"
4499,1062309,simple,"ALBUM CROQUIS 1557 A GRAIN ADOUCI 50F A4 21x29.7 120g ""CANSON"" REF: 4127-418 5242 31412A001",no_selection,2,"No image assigned (no_selection)"
5398,2063409,simple,"NOTE BOOK RELIURE INTEGRALE 300 P A4 5 x 5 mm 70g ""MAPED"" REF: 9292",no_selection,1,"No image assigned (no_selection)"
5398,2063409,simple,"NOTE BOOK RELIURE INTEGRALE 300 P A4 5 x 5 mm 70g ""MAPED"" REF: 9292",no_selection,2,"No image assigned (no_selection)"
5398,2063409,simple,"NOTE BOOK RELIURE INTEGRALE 300 P A4 5 x 5 mm 70g ""MAPED"" REF: 9292",no_selection,1,"No image assigned (no_selection)"
5398,2063409,simple,"NOTE BOOK RELIURE INTEGRALE 300 P A4 5 x 5 mm 70g ""MAPED"" REF: 9292",no_selection,2,"No image assigned (no_selection)"
5476,1140632108,configurable,"NOTE BOOK RELIURE INTEGRALE A4 SEYES 70g ""MAPED"" REF: 9295",no_selection,1,"No image assigned (no_selection)"
5476,1140632108,configurable,"NOTE BOOK RELIURE INTEGRALE A4 SEYES 70g ""MAPED"" REF: 9295",no_selection,2,"No image assigned (no_selection)"
5476,1140632108,configurable,"NOTE BOOK RELIURE INTEGRALE A4 SEYES 70g ""MAPED"" REF: 9295",no_selection,1,"No image assigned (no_selection)"
5476,1140632108,configurable,"NOTE BOOK RELIURE INTEGRALE A4 SEYES 70g ""MAPED"" REF: 9295",no_selection,2,"No image assigned (no_selection)"
5912,111823518,simple,"STYLO A BILLE CAP GREEN ICE FUN 04 PIECES ""MAPED"" REF: 224546",no_selection,1,"No image assigned (no_selection)"
5962,1140633054,simple,"TAILLE-CRAYONS CROC CROC INNOVATION SOUS BLISTER ROSE & VERT ""MAPED"" REF: 017610",no_selection,1,"No image assigned (no_selection)"
5962,1140633054,simple,"TAILLE-CRAYONS CROC CROC INNOVATION SOUS BLISTER ROSE & VERT ""MAPED"" REF: 017610",no_selection,2,"No image assigned (no_selection)"
5962,1140633054,simple,"TAILLE-CRAYONS CROC CROC INNOVATION SOUS BLISTER ROSE & VERT ""MAPED"" REF: 017610",no_selection,1,"No image assigned (no_selection)"
5962,1140633054,simple,"TAILLE-CRAYONS CROC CROC INNOVATION SOUS BLISTER ROSE & VERT ""MAPED"" REF: 017610",no_selection,2,"No image assigned (no_selection)"
5962,1140633054,simple,"TAILLE-CRAYONS CROC CROC INNOVATION SOUS BLISTER ROSE & VERT ""MAPED"" REF: 017610",no_selection,1,"No image assigned (no_selection)"
5962,1140633054,simple,"TAILLE-CRAYONS CROC CROC INNOVATION SOUS BLISTER ROSE & VERT ""MAPED"" REF: 017610",no_selection,2,"No image assigned (no_selection)"
5962,1140633054,simple,"TAILLE-CRAYONS CROC CROC INNOVATION SOUS BLISTER ROSE & VERT ""MAPED"" REF: 017610",no_selection,1,"No image assigned (no_selection)"
5962,1140633054,simple,"TAILLE-CRAYONS CROC CROC INNOVATION SOUS BLISTER ROSE & VERT ""MAPED"" REF: 017610",no_selection,2,"No image assigned (no_selection)"
6007,1140633252,simple,"GOMME ERGO FUN MULTICOLORE X2 SOUS BLISTER BLEU & ROSE ""MAPED"" REF: 119710",no_selection,1,"No image assigned (no_selection)"
6358,1140633610,simple,"FEUTRE DE COLORIAGE 12 PIECES TURTLES ""TECHNO"" REF: 4601",no_selection,1,"No image assigned (no_selection)"
6358,1140633610,simple,"FEUTRE DE COLORIAGE 12 PIECES TURTLES ""TECHNO"" REF: 4601",no_selection,2,"No image assigned (no_selection)"
6358,1140633610,simple,"FEUTRE DE COLORIAGE 12 PIECES TURTLES ""TECHNO"" REF: 4601",no_selection,1,"No image assigned (no_selection)"
6358,1140633610,simple,"FEUTRE DE COLORIAGE 12 PIECES TURTLES ""TECHNO"" REF: 4601",no_selection,2,"No image assigned (no_selection)"
6358,1140633610,simple,"FEUTRE DE COLORIAGE 12 PIECES TURTLES ""TECHNO"" REF: 4601",no_selection,1,"No image assigned (no_selection)"
6358,1140633610,simple,"FEUTRE DE COLORIAGE 12 PIECES TURTLES ""TECHNO"" REF: 4601",no_selection,2,"No image assigned (no_selection)"
6358,1140633610,simple,"FEUTRE DE COLORIAGE 12 PIECES TURTLES ""TECHNO"" REF: 4601",no_selection,1,"No image assigned (no_selection)"
6358,1140633610,simple,"FEUTRE DE COLORIAGE 12 PIECES TURTLES ""TECHNO"" REF: 4601",no_selection,2,"No image assigned (no_selection)"
6359,1140633611,simple,"FEUTRE DE COLORIAGE 12 PIECES DORA ""TECHNO"" REF: 4601",no_selection,1,"No image assigned (no_selection)"
6359,1140633611,simple,"FEUTRE DE COLORIAGE 12 PIECES DORA ""TECHNO"" REF: 4601",no_selection,2,"No image assigned (no_selection)"
6359,1140633611,simple,"FEUTRE DE COLORIAGE 12 PIECES DORA ""TECHNO"" REF: 4601",no_selection,1,"No image assigned (no_selection)"
6359,1140633611,simple,"FEUTRE DE COLORIAGE 12 PIECES DORA ""TECHNO"" REF: 4601",no_selection,2,"No image assigned (no_selection)"
6359,1140633611,simple,"FEUTRE DE COLORIAGE 12 PIECES DORA ""TECHNO"" REF: 4601",no_selection,1,"No image assigned (no_selection)"
6359,1140633611,simple,"FEUTRE DE COLORIAGE 12 PIECES DORA ""TECHNO"" REF: 4601",no_selection,2,"No image assigned (no_selection)"
6359,1140633611,simple,"FEUTRE DE COLORIAGE 12 PIECES DORA ""TECHNO"" REF: 4601",no_selection,1,"No image assigned (no_selection)"
6359,1140633611,simple,"FEUTRE DE COLORIAGE 12 PIECES DORA ""TECHNO"" REF: 4601",no_selection,2,"No image assigned (no_selection)"
7235,1140637487,configurable,"CORBEILLE A COURRIERS EN PLASTIQUE ""TECHNO""",no_selection,1,"No image assigned (no_selection)"
7235,1140637487,configurable,"CORBEILLE A COURRIERS EN PLASTIQUE ""TECHNO""",no_selection,2,"No image assigned (no_selection)"
7235,1140637487,configurable,"CORBEILLE A COURRIERS EN PLASTIQUE ""TECHNO""",no_selection,1,"No image assigned (no_selection)"
7235,1140637487,configurable,"CORBEILLE A COURRIERS EN PLASTIQUE ""TECHNO""",no_selection,2,"No image assigned (no_selection)"
7722,1140640294,simple,"NETTOYANT TABLEAU BLANC 250 ml ""TECHNO"" REF: 9896",no_selection,1,"No image assigned (no_selection)"
7722,1140640294,simple,"NETTOYANT TABLEAU BLANC 250 ml ""TECHNO"" REF: 9896",no_selection,2,"No image assigned (no_selection)"
7722,1140640294,simple,"NETTOYANT TABLEAU BLANC 250 ml ""TECHNO"" REF: 9896",no_selection,1,"No image assigned (no_selection)"
7722,1140640294,simple,"NETTOYANT TABLEAU BLANC 250 ml ""TECHNO"" REF: 9896",no_selection,2,"No image assigned (no_selection)"
7722,1140640294,simple,"NETTOYANT TABLEAU BLANC 250 ml ""TECHNO"" REF: 9896",no_selection,1,"No image assigned (no_selection)"
7722,1140640294,simple,"NETTOYANT TABLEAU BLANC 250 ml ""TECHNO"" REF: 9896",no_selection,2,"No image assigned (no_selection)"
7722,1140640294,simple,"NETTOYANT TABLEAU BLANC 250 ml ""TECHNO"" REF: 9896",no_selection,1,"No image assigned (no_selection)"
7722,1140640294,simple,"NETTOYANT TABLEAU BLANC 250 ml ""TECHNO"" REF: 9896",no_selection,2,"No image assigned (no_selection)"
7773,1140642110,simple,"BROSSE TABLEAU BLANC AVEC PORTE DEUX MARQUEURS ""TECHNO"" COULEUR BLANC",no_selection,1,"No image assigned (no_selection)"
7773,1140642110,simple,"BROSSE TABLEAU BLANC AVEC PORTE DEUX MARQUEURS ""TECHNO"" COULEUR BLANC",no_selection,2,"No image assigned (no_selection)"
7773,1140642110,simple,"BROSSE TABLEAU BLANC AVEC PORTE DEUX MARQUEURS ""TECHNO"" COULEUR BLANC",no_selection,1,"No image assigned (no_selection)"
7773,1140642110,simple,"BROSSE TABLEAU BLANC AVEC PORTE DEUX MARQUEURS ""TECHNO"" COULEUR BLANC",no_selection,2,"No image assigned (no_selection)"
7773,1140642110,simple,"BROSSE TABLEAU BLANC AVEC PORTE DEUX MARQUEURS ""TECHNO"" COULEUR BLANC",no_selection,1,"No image assigned (no_selection)"
7773,1140642110,simple,"BROSSE TABLEAU BLANC AVEC PORTE DEUX MARQUEURS ""TECHNO"" COULEUR BLANC",no_selection,2,"No image assigned (no_selection)"
7773,1140642110,simple,"BROSSE TABLEAU BLANC AVEC PORTE DEUX MARQUEURS ""TECHNO"" COULEUR BLANC",no_selection,1,"No image assigned (no_selection)"
7773,1140642110,simple,"BROSSE TABLEAU BLANC AVEC PORTE DEUX MARQUEURS ""TECHNO"" COULEUR BLANC",no_selection,2,"No image assigned (no_selection)"
7775,1140642112,simple,"BROSSE TABLEAU BLANC AVEC PORTE DEUX MARQUEURS ""TECHNO"" COULEUR BLEU",no_selection,1,"No image assigned (no_selection)"
7775,1140642112,simple,"BROSSE TABLEAU BLANC AVEC PORTE DEUX MARQUEURS ""TECHNO"" COULEUR BLEU",no_selection,2,"No image assigned (no_selection)"
7775,1140642112,simple,"BROSSE TABLEAU BLANC AVEC PORTE DEUX MARQUEURS ""TECHNO"" COULEUR BLEU",no_selection,1,"No image assigned (no_selection)"
7775,1140642112,simple,"BROSSE TABLEAU BLANC AVEC PORTE DEUX MARQUEURS ""TECHNO"" COULEUR BLEU",no_selection,2,"No image assigned (no_selection)"
7775,1140642112,simple,"BROSSE TABLEAU BLANC AVEC PORTE DEUX MARQUEURS ""TECHNO"" COULEUR BLEU",no_selection,1,"No image assigned (no_selection)"
7775,1140642112,simple,"BROSSE TABLEAU BLANC AVEC PORTE DEUX MARQUEURS ""TECHNO"" COULEUR BLEU",no_selection,2,"No image assigned (no_selection)"
7775,1140642112,simple,"BROSSE TABLEAU BLANC AVEC PORTE DEUX MARQUEURS ""TECHNO"" COULEUR BLEU",no_selection,1,"No image assigned (no_selection)"
7775,1140642112,simple,"BROSSE TABLEAU BLANC AVEC PORTE DEUX MARQUEURS ""TECHNO"" COULEUR BLEU",no_selection,2,"No image assigned (no_selection)"
7776,1140642113,simple,"BROSSE TABLEAU BLANC AVEC PORTE DEUX MARQUEURS ""TECHNO"" COULEUR GRIS",no_selection,1,"No image assigned (no_selection)"
7776,1140642113,simple,"BROSSE TABLEAU BLANC AVEC PORTE DEUX MARQUEURS ""TECHNO"" COULEUR GRIS",no_selection,2,"No image assigned (no_selection)"
7776,1140642113,simple,"BROSSE TABLEAU BLANC AVEC PORTE DEUX MARQUEURS ""TECHNO"" COULEUR GRIS",no_selection,1,"No image assigned (no_selection)"
7776,1140642113,simple,"BROSSE TABLEAU BLANC AVEC PORTE DEUX MARQUEURS ""TECHNO"" COULEUR GRIS",no_selection,2,"No image assigned (no_selection)"
7776,1140642113,simple,"BROSSE TABLEAU BLANC AVEC PORTE DEUX MARQUEURS ""TECHNO"" COULEUR GRIS",no_selection,1,"No image assigned (no_selection)"
7776,1140642113,simple,"BROSSE TABLEAU BLANC AVEC PORTE DEUX MARQUEURS ""TECHNO"" COULEUR GRIS",no_selection,2,"No image assigned (no_selection)"
7776,1140642113,simple,"BROSSE TABLEAU BLANC AVEC PORTE DEUX MARQUEURS ""TECHNO"" COULEUR GRIS",no_selection,1,"No image assigned (no_selection)"
7776,1140642113,simple,"BROSSE TABLEAU BLANC AVEC PORTE DEUX MARQUEURS ""TECHNO"" COULEUR GRIS",no_selection,2,"No image assigned (no_selection)"
