sku,regular_price,special_price,discount_percentage,discount_category,status
I am getting this erro,2000.00,0.00,100.00,"Huge Discount (>50%)",FREE/100% OFF
1140623849,2000.00,0.00,100.00,"Huge Discount (>50%)",FREE/100% OFF
107905701,980.00,448.00,54.29,"Huge Discount (>50%)",OK
1140624958,3500.00,1650.00,52.86,"Huge Discount (>50%)",OK
2109909,1850.00,880.00,52.43,"Huge Discount (>50%)",OK
111824922,550.00,280.00,49.09,"Big Discount (30-50%)",OK
1140624983,565.00,310.00,45.13,"Big Discount (30-50%)",OK
1140624984,565.00,310.00,45.13,"Big Discount (30-50%)",OK
1140624985,565.00,310.00,45.13,"Big Discount (30-50%)",OK
1140624986,565.00,310.00,45.13,"Big Discount (30-50%)",OK
1140624982,2990.00,1650.00,44.82,"Big Discount (30-50%)",OK
1140624946,490.00,280.00,42.86,"Big Discount (30-50%)",OK
1140624947,490.00,280.00,42.86,"Big Discount (30-50%)",OK
1140624948,490.00,280.00,42.86,"Big Discount (30-50%)",OK
1140624949,490.00,280.00,42.86,"Big Discount (30-50%)",OK
1140624950,490.00,280.00,42.86,"Big Discount (30-50%)",OK
1140624951,490.00,280.00,42.86,"Big Discount (30-50%)",OK
1140624952,490.00,280.00,42.86,"Big Discount (30-50%)",OK
1140624953,490.00,280.00,42.86,"Big Discount (30-50%)",OK
1140624954,490.00,280.00,42.86,"Big Discount (30-50%)",OK
1140624955,490.00,280.00,42.86,"Big Discount (30-50%)",OK
1140624956,490.00,280.00,42.86,"Big Discount (30-50%)",OK
1140624965,490.00,280.00,42.86,"Big Discount (30-50%)",OK
1140624966,490.00,280.00,42.86,"Big Discount (30-50%)",OK
1140624967,490.00,280.00,42.86,"Big Discount (30-50%)",OK
1140624968,490.00,280.00,42.86,"Big Discount (30-50%)",OK
1140624969,490.00,280.00,42.86,"Big Discount (30-50%)",OK
1140624970,490.00,280.00,42.86,"Big Discount (30-50%)",OK
1140624971,490.00,280.00,42.86,"Big Discount (30-50%)",OK
1140624972,490.00,280.00,42.86,"Big Discount (30-50%)",OK
1140624973,490.00,280.00,42.86,"Big Discount (30-50%)",OK
1140624974,490.00,280.00,42.86,"Big Discount (30-50%)",OK
1140624975,490.00,280.00,42.86,"Big Discount (30-50%)",OK
1140624976,490.00,280.00,42.86,"Big Discount (30-50%)",OK
1140624977,490.00,280.00,42.86,"Big Discount (30-50%)",OK
1140624978,490.00,280.00,42.86,"Big Discount (30-50%)",OK
1140624979,490.00,280.00,42.86,"Big Discount (30-50%)",OK
1140624980,490.00,280.00,42.86,"Big Discount (30-50%)",OK
1140624981,490.00,280.00,42.86,"Big Discount (30-50%)",OK
1140631035,240.00,145.00,39.58,"Big Discount (30-50%)",OK
110452801,190.00,117.00,38.42,"Big Discount (30-50%)",OK
456,650.00,408.00,37.23,"Big Discount (30-50%)",OK
457,650.00,408.00,37.23,"Big Discount (30-50%)",OK
458,650.00,408.00,37.23,"Big Discount (30-50%)",OK
459,650.00,408.00,37.23,"Big Discount (30-50%)",OK
1140621565,9980.00,6900.00,30.86,"Big Discount (30-50%)",OK
1140647498,6500.00,4500.00,30.77,"Big Discount (30-50%)",OK
1140647499,6500.00,4500.00,30.77,"Big Discount (30-50%)",OK
1140647500,6500.00,4500.00,30.77,"Big Discount (30-50%)",OK
1140647501,6500.00,4500.00,30.77,"Big Discount (30-50%)",OK
1140626179,460.00,345.00,25.00,"Medium Discount (20-30%)",OK
1140626180,460.00,345.00,25.00,"Medium Discount (20-30%)",OK
1140626181,460.00,345.00,25.00,"Medium Discount (20-30%)",OK
1140634493,1820.00,1365.00,25.00,"Medium Discount (20-30%)",OK
1140634500,2480.00,1860.00,25.00,"Medium Discount (20-30%)",OK
1140634501,3100.00,2325.00,25.00,"Medium Discount (20-30%)",OK
1140634503,1620.00,1215.00,25.00,"Medium Discount (20-30%)",OK
1140634505,1960.00,1470.00,25.00,"Medium Discount (20-30%)",OK
1140634502,1450.00,1088.00,24.97,"Medium Discount (20-30%)",OK
1140634504,1050.00,788.00,24.95,"Medium Discount (20-30%)",OK
1140611649,900.00,700.00,22.22,"Medium Discount (20-30%)",OK
1140611651,900.00,700.00,22.22,"Medium Discount (20-30%)",OK
1140611652,900.00,700.00,22.22,"Medium Discount (20-30%)",OK
1140611653,900.00,700.00,22.22,"Medium Discount (20-30%)",OK
1140611654,900.00,700.00,22.22,"Medium Discount (20-30%)",OK
1140611655,900.00,700.00,22.22,"Medium Discount (20-30%)",OK
1140611657,900.00,700.00,22.22,"Medium Discount (20-30%)",OK
1140611650,950.00,750.00,21.05,"Medium Discount (20-30%)",OK
1140611656,950.00,750.00,21.05,"Medium Discount (20-30%)",OK
1140622945,1100.00,873.00,20.64,"Medium Discount (20-30%)",OK
1140622946,1100.00,873.00,20.64,"Medium Discount (20-30%)",OK
1140623110,1100.00,873.00,20.64,"Medium Discount (20-30%)",OK
111822813,1250.00,1000.00,20.00,"Medium Discount (20-30%)",OK
111822817,650.00,520.00,20.00,"Medium Discount (20-30%)",OK
1140631807,3750.00,3000.00,20.00,"Medium Discount (20-30%)",OK
1140631808,430.00,344.00,20.00,"Medium Discount (20-30%)",OK
1140631809,3050.00,2440.00,20.00,"Medium Discount (20-30%)",OK
1140631810,7350.00,5880.00,20.00,"Medium Discount (20-30%)",OK
1140631811,1900.00,1520.00,20.00,"Medium Discount (20-30%)",OK
1140631813,3600.00,2880.00,20.00,"Medium Discount (20-30%)",OK
1140631814,1650.00,1320.00,20.00,"Medium Discount (20-30%)",OK
1140631815,1800.00,1440.00,20.00,"Medium Discount (20-30%)",OK
1140631816,1700.00,1360.00,20.00,"Medium Discount (20-30%)",OK
1140631824,3200.00,2560.00,20.00,"Medium Discount (20-30%)",OK
1140631825,3200.00,2560.00,20.00,"Medium Discount (20-30%)",OK
1140631826,4650.00,3720.00,20.00,"Medium Discount (20-30%)",OK
1140631827,4650.00,3720.00,20.00,"Medium Discount (20-30%)",OK
1140631828,4650.00,3720.00,20.00,"Medium Discount (20-30%)",OK
1140631829,4650.00,3720.00,20.00,"Medium Discount (20-30%)",OK
1140631834,6280.00,5024.00,20.00,"Medium Discount (20-30%)",OK
1140631835,3100.00,2480.00,20.00,"Medium Discount (20-30%)",OK
1140631836,2100.00,1680.00,20.00,"Medium Discount (20-30%)",OK
1140631837,2100.00,1680.00,20.00,"Medium Discount (20-30%)",OK
1140631838,2100.00,1680.00,20.00,"Medium Discount (20-30%)",OK
1140631839,4600.00,3680.00,20.00,"Medium Discount (20-30%)",OK
1140631840,4600.00,3680.00,20.00,"Medium Discount (20-30%)",OK
1140631841,4600.00,3680.00,20.00,"Medium Discount (20-30%)",OK
1140631842,9950.00,7960.00,20.00,"Medium Discount (20-30%)",OK
1140631843,9950.00,7960.00,20.00,"Medium Discount (20-30%)",OK
1140631844,9500.00,7600.00,20.00,"Medium Discount (20-30%)",OK
1140631845,4650.00,3720.00,20.00,"Medium Discount (20-30%)",OK
1140631846,4850.00,3880.00,20.00,"Medium Discount (20-30%)",OK
1140631847,5200.00,4160.00,20.00,"Medium Discount (20-30%)",OK
1140631848,3900.00,3120.00,20.00,"Medium Discount (20-30%)",OK
1140604005,1980.00,1593.00,19.55,"Small Discount (<20%)",OK
1140631034,180.00,145.00,19.44,"Small Discount (<20%)",OK
1140631036,180.00,145.00,19.44,"Small Discount (<20%)",OK
111822812,520.00,420.00,19.23,"Small Discount (<20%)",OK
1140612185,780.00,650.00,16.67,"Small Discount (<20%)",OK
1140626402,2640.00,2244.00,15.00,"Small Discount (<20%)",OK
1140626406,5000.00,4250.00,15.00,"Small Discount (<20%)",OK
1140626407,1300.00,1105.00,15.00,"Small Discount (<20%)",OK
1140626410,2180.00,1853.00,15.00,"Small Discount (<20%)",OK
1140631017,2300.00,1955.00,15.00,"Small Discount (<20%)",OK
1140631018,1880.00,1598.00,15.00,"Small Discount (<20%)",OK
1140631019,1460.00,1241.00,15.00,"Small Discount (<20%)",OK
1140631020,1460.00,1241.00,15.00,"Small Discount (<20%)",OK
1140631027,2860.00,2431.00,15.00,"Small Discount (<20%)",OK
1140631028,1880.00,1598.00,15.00,"Small Discount (<20%)",OK
1140631029,2780.00,2363.00,15.00,"Small Discount (<20%)",OK
1140631031,2860.00,2431.00,15.00,"Small Discount (<20%)",OK
1140631032,1880.00,1598.00,15.00,"Small Discount (<20%)",OK
1140631066,2780.00,2363.00,15.00,"Small Discount (<20%)",OK
1140631067,2680.00,2278.00,15.00,"Small Discount (<20%)",OK
1140633278,420.00,357.00,15.00,"Small Discount (<20%)",OK
1140633279,420.00,357.00,15.00,"Small Discount (<20%)",OK
1140633280,420.00,357.00,15.00,"Small Discount (<20%)",OK
1140633281,420.00,357.00,15.00,"Small Discount (<20%)",OK
1140633282,420.00,357.00,15.00,"Small Discount (<20%)",OK
1140633283,420.00,357.00,15.00,"Small Discount (<20%)",OK
1140633284,420.00,357.00,15.00,"Small Discount (<20%)",OK
1140633285,420.00,357.00,15.00,"Small Discount (<20%)",OK
1140633286,420.00,357.00,15.00,"Small Discount (<20%)",OK
1140633287,420.00,357.00,15.00,"Small Discount (<20%)",OK
1140633288,420.00,357.00,15.00,"Small Discount (<20%)",OK
1140633289,420.00,357.00,15.00,"Small Discount (<20%)",OK
1140633290,420.00,357.00,15.00,"Small Discount (<20%)",OK
1140633291,420.00,357.00,15.00,"Small Discount (<20%)",OK
1140633292,420.00,357.00,15.00,"Small Discount (<20%)",OK
1140633293,420.00,357.00,15.00,"Small Discount (<20%)",OK
1140634574,390.00,331.50,15.00,"Small Discount (<20%)",OK
1140634575,390.00,331.50,15.00,"Small Discount (<20%)",OK
1140634576,390.00,331.50,15.00,"Small Discount (<20%)",OK
1140634577,390.00,331.50,15.00,"Small Discount (<20%)",OK
1140634578,390.00,331.50,15.00,"Small Discount (<20%)",OK
1140634579,390.00,331.50,15.00,"Small Discount (<20%)",OK
1140634580,390.00,331.50,15.00,"Small Discount (<20%)",OK
1140634581,390.00,331.50,15.00,"Small Discount (<20%)",OK
1140634582,390.00,331.50,15.00,"Small Discount (<20%)",OK
1140634583,390.00,331.50,15.00,"Small Discount (<20%)",OK
1140634584,390.00,331.50,15.00,"Small Discount (<20%)",OK
1140634585,390.00,331.50,15.00,"Small Discount (<20%)",OK
1140634586,390.00,331.50,15.00,"Small Discount (<20%)",OK
1140634588,390.00,331.50,15.00,"Small Discount (<20%)",OK
1140634589,390.00,331.50,15.00,"Small Discount (<20%)",OK
1140634590,390.00,331.50,15.00,"Small Discount (<20%)",OK
1140619151,3830.00,3256.00,14.99,"Small Discount (<20%)",OK
1140619028,3050.00,2593.00,14.98,"Small Discount (<20%)",OK
1140619150,2570.00,2185.00,14.98,"Small Discount (<20%)",OK
1140619152,2570.00,2185.00,14.98,"Small Discount (<20%)",OK
1140626403,2570.00,2185.00,14.98,"Small Discount (<20%)",OK
1140626405,3330.00,2831.00,14.98,"Small Discount (<20%)",OK
1140626408,2090.00,1777.00,14.98,"Small Discount (<20%)",OK
1140631021,2150.00,1828.00,14.98,"Small Discount (<20%)",OK
1140631022,2150.00,1828.00,14.98,"Small Discount (<20%)",OK
1140631023,2450.00,2083.00,14.98,"Small Discount (<20%)",OK
1140631030,2150.00,1828.00,14.98,"Small Discount (<20%)",OK
1140631033,2150.00,1828.00,14.98,"Small Discount (<20%)",OK
1140631065,2150.00,1828.00,14.98,"Small Discount (<20%)",OK
1140631068,2350.00,1998.00,14.98,"Small Discount (<20%)",OK
1140631069,2150.00,1828.00,14.98,"Small Discount (<20%)",OK
1140631070,2250.00,1913.00,14.98,"Small Discount (<20%)",OK
1140634715,450.00,390.00,13.33,"Small Discount (<20%)",OK
1140628332,3900.00,3450.00,11.54,"Small Discount (<20%)",OK
1140628333,6500.00,5750.00,11.54,"Small Discount (<20%)",OK
1140631870,6950.00,6180.00,11.08,"Small Discount (<20%)",OK
1140631872,6950.00,6180.00,11.08,"Small Discount (<20%)",OK
1140631873,6950.00,6180.00,11.08,"Small Discount (<20%)",OK
1140631874,6950.00,6180.00,11.08,"Small Discount (<20%)",OK
111824664,6200.00,5580.00,10.00,"Small Discount (<20%)",OK
111824665,6950.00,6255.00,10.00,"Small Discount (<20%)",OK
111824666,6950.00,6255.00,10.00,"Small Discount (<20%)",OK
111824667,7500.00,6750.00,10.00,"Small Discount (<20%)",OK
111824668,7250.00,6525.00,10.00,"Small Discount (<20%)",OK
111824669,7900.00,7110.00,10.00,"Small Discount (<20%)",OK
111824670,6500.00,5850.00,10.00,"Small Discount (<20%)",OK
111824671,7250.00,6525.00,10.00,"Small Discount (<20%)",OK
111824672,7900.00,7110.00,10.00,"Small Discount (<20%)",OK
111824673,7500.00,6750.00,10.00,"Small Discount (<20%)",OK
111824674,7500.00,6750.00,10.00,"Small Discount (<20%)",OK
111824675,6500.00,5850.00,10.00,"Small Discount (<20%)",OK
111824677,6200.00,5580.00,10.00,"Small Discount (<20%)",OK
111826554,46500.00,41850.00,10.00,"Small Discount (<20%)",OK
111826555,56000.00,50400.00,10.00,"Small Discount (<20%)",OK
1140590591,42500.00,38250.00,10.00,"Small Discount (<20%)",OK
1140611808,3950.00,3555.00,10.00,"Small Discount (<20%)",OK
1140611809,5800.00,5220.00,10.00,"Small Discount (<20%)",OK
1140611811,6950.00,6255.00,10.00,"Small Discount (<20%)",OK
1140611813,7350.00,6615.00,10.00,"Small Discount (<20%)",OK
1140634568,22500.00,20250.00,10.00,"Small Discount (<20%)",OK
1140634569,22500.00,20250.00,10.00,"Small Discount (<20%)",OK
1140634570,22500.00,20250.00,10.00,"Small Discount (<20%)",OK
1140634571,22500.00,20250.00,10.00,"Small Discount (<20%)",OK
2024409,7500.00,6750.00,10.00,"Small Discount (<20%)",OK
1140619145,2790.00,2790.00,0.00,"Small Discount (<20%)",OK
1140619146,2790.00,2790.00,0.00,"Small Discount (<20%)",OK
1140626170,5280.00,5280.00,0.00,"Small Discount (<20%)",OK
1140626171,5280.00,5280.00,0.00,"Small Discount (<20%)",OK
1140626172,5280.00,5280.00,0.00,"Small Discount (<20%)",OK
1140626173,5280.00,5280.00,0.00,"Small Discount (<20%)",OK
1140631073,1870.00,1870.00,0.00,"Small Discount (<20%)",OK
1140631074,2120.00,2120.00,0.00,"Small Discount (<20%)",OK
1140631075,2860.00,2860.00,0.00,"Small Discount (<20%)",OK
2296011,760.00,760.00,0.00,"Small Discount (<20%)",OK
1140642348,410.00,425.00,-3.66,"Small Discount (<20%)","ERROR: Special > Regular"
1140633498,,3680.00,,"Small Discount (<20%)","Missing Regular Price"
1140633500,,3720.00,,"Small Discount (<20%)","Missing Regular Price"
1140633501,,7960.00,,"Small Discount (<20%)","Missing Regular Price"
1140633502,,1680.00,,"Small Discount (<20%)","Missing Regular Price"
151,120.00,,,"Small Discount (<20%)",OK
1867,,345.00,,"Small Discount (<20%)","Missing Regular Price"
B0000003,,76.63,,"Small Discount (<20%)","Missing Regular Price"
B0000004,,83.97,,"Small Discount (<20%)","Missing Regular Price"
B0000005,,95.00,,"Small Discount (<20%)","Missing Regular Price"
B0000006,,95.00,,"Small Discount (<20%)","Missing Regular Price"
B0000007,,92.00,,"Small Discount (<20%)","Missing Regular Price"
B0000008,,92.00,,"Small Discount (<20%)","Missing Regular Price"
B0000009,,95.00,,"Small Discount (<20%)","Missing Regular Price"
B0000010,,95.00,,"Small Discount (<20%)","Missing Regular Price"
B0000011,,92.00,,"Small Discount (<20%)","Missing Regular Price"
B0000012,,92.00,,"Small Discount (<20%)","Missing Regular Price"
B0000013,,95.00,,"Small Discount (<20%)","Missing Regular Price"
B0000014,,95.00,,"Small Discount (<20%)","Missing Regular Price"
B0000015,,92.00,,"Small Discount (<20%)","Missing Regular Price"
B0000016,,92.00,,"Small Discount (<20%)","Missing Regular Price"
B0000017,,95.00,,"Small Discount (<20%)","Missing Regular Price"
B0000018,,95.00,,"Small Discount (<20%)","Missing Regular Price"
B0000019,,92.00,,"Small Discount (<20%)","Missing Regular Price"
B0000020,,92.00,,"Small Discount (<20%)","Missing Regular Price"
B0000021,,95.00,,"Small Discount (<20%)","Missing Regular Price"
B0000022,,95.00,,"Small Discount (<20%)","Missing Regular Price"
B0000023,,92.00,,"Small Discount (<20%)","Missing Regular Price"
B0000024,,92.00,,"Small Discount (<20%)","Missing Regular Price"
B0000025,,90.00,,"Small Discount (<20%)","Missing Regular Price"
B0000028,,39.73,,"Small Discount (<20%)","Missing Regular Price"
B0000029,,58.06,,"Small Discount (<20%)","Missing Regular Price"
B0000030,,51.55,,"Small Discount (<20%)","Missing Regular Price"
B0000031,,58.06,,"Small Discount (<20%)","Missing Regular Price"
B0000032,,92.00,,"Small Discount (<20%)","Missing Regular Price"
B0000033,,92.00,,"Small Discount (<20%)","Missing Regular Price"
B0000034,,0.00,,"Small Discount (<20%)",FREE/100% OFF
B0000035,,85.00,,"Small Discount (<20%)","Missing Regular Price"
B0000036,,85.00,,"Small Discount (<20%)","Missing Regular Price"