sku,Image Name,ref,attribute_set_code,product_type,product_websites,country_of_manufacture,name,description,short_description,weight,product_online,tax_class_name,visibility,price,additional_attributes,qty,is_in_stock,categories
1140663714,crayons-de-couleur-classic-pastel-boite-x10,111211,Products,simple,base,Indonesia,"CRAYONS DE COULEUR CLASSIC PASTEL BOITE X10 ""FABER CASTELL"" REF:111211","Le crayon 1112 est un instrument d'écriture et de dessin de haute qualité, conçu pour la performance et la durabilité.
 Il est idéal pour l'écriture, le dessin et l'esquisse, offrant une expérience fluide et précise.
 Son corps distinctif, revêtu d'une peinture noire à base d'eau respectueuse de l'environnement, le rend non seulement élégant, mais aussi confortable à tenir. Sa mine, d'une dureté HB, est particulièrement résistante à la casse grâce à un procédé de collage spécial (SV), garantissant une fiabilité durable.
 De plus, il est équipé d'une gomme intégrée, ce qui en fait un outil pratique et complet pour tous vos besoins créatifs.","Le crayon 1112 est un outil polyvalent de haute qualité, idéal pour écrire, dessiner et esquisser.
 Son corps noir est recouvert d'une peinture écologique à base d'eau et sa mine résistante à la casse est dotée d'une gomme pratique",70,2,Taxable Goods,search,0,"mgs_brand=FABER CASTELL,techno_ref=111211",999,1,
1140663711,crayons-de-couleur-classic-boite-de-60-pcs,111260,Products,simple,base,Indonesia,"CRAYONS DE COULEUR CLASSIC BOITE DE 60 PCS ""FABER CASTELL"" REF:111260","Découvrez un assortiment de 60 crayons de couleur exceptionnels, présentés dans un étui cartonné pratique qui se transforme en support.
 Cet ensemble offre une palette de couleurs complète, incluant des teintes néon, métalliques et pastel pour donner vie à toutes vos créations.
 Les crayons, de forme hexagonale classique, sont conçus pour une prise en main confortable.
 Leur mine est extrêmement résistante à la casse grâce à un procédé de collage spécial (SV), ce qui assure une longue durée de vie et une utilisation sans interruption.
 De plus, le bois utilisé provient de forêts certifiées, garantissant une fabrication respectueuse de l'environnement.","Cet étui de 60 crayons de couleur offre une variété exceptionnelle de teintes, y compris des couleurs néon, métalliques et pastel.
 La forme hexagonale et la mine, très résistante à la casse, garantissent confort et durabilité.",400,2,Taxable Goods,search,0,"mgs_brand=FABER CASTELL,techno_ref=111260",999,1,
1140663691,crayons-graphite-eleganz-hb,111400,Products,simple,base,Indonesia,"CRAYONS GRAPHITE ELEGANZ HB ""FABER CASTELL"" REF:111400","Le crayon graphite FABER CASTELL 111400 est l'outil parfait pour l'écriture et le dessin précis.
 Sa mine HB de 2,0 mm de diamètre offre un tracé fiable et régulier.
 Il se distingue par son design moderne et élégant, avec une finition métallique cuivrée et bleue.
 Très pratique, il est muni d'une gomme de haute qualité à son extrémité, ce qui en fait un instrument à la fois fonctionnel et stylé.","Idéal pour l'écriture et le dessin, le crayon graphite FABER CASTELL 111400 est doté d'une mine HB de 2,0 mm de diamètre.
 Il est reconnaissable à sa finition élégante en bleu et cuivre métallisé et inclut une gomme à son extrémité.",75,2,Taxable Goods,search,0,"mgs_brand=FABER CASTELL,techno_ref=111400",999,1,
1140663685,crayons-graphite-dessin-2001-hb,112100,Products,simple,base,Indonesia,"CRAYONS GRAPHITE DESSIN 2001 HB ""FABER CASTELL"" REF:112100","Le crayon graphite Dessin® 2001 est un outil de haute qualité, parfait pour toutes vos activités d'écriture, de dessin et d'esquisse.
 Sa mine d'une dureté HB offre une performance fiable et un tracé précis.
 Grâce à un procédé de collage spécial (SV), elle est particulièrement résistante à la casse, ce qui garantit une durabilité exceptionnelle.
 Son corps se démarque par une finition élégante en rouge et or.
 Il intègre également une gomme à son extrémité, ce qui en fait un instrument à la fois pratique et esthétique.","Idéal pour l'écriture, le dessin et l'esquisse, le crayon graphite Dessin® est doté d'une mine HB très résistante à la casse.
 Son design se distingue par un corps élégant en rouge et or, et il est équipé d'une gomme pratique",75,2,Taxable Goods,search,0,"mgs_brand=FABER CASTELL,techno_ref=112100",999,1,
1140663692,crayons-de-couleur-parrot-aquarel-boite-x12,114462,Products,simple,base,Indonesia,"CRAYONS DE COULEUR PARROT AQUAREL BOITE x12 ""FABER CASTELL"" REF:114462","Le coffret de 12 crayons de couleur aquarellables est parfait pour donner une nouvelle dimension à vos créations.
 Chaque crayon, de forme hexagonale pour une prise en main confortable, contient une mine douce et riche en pigments qui se transforme en aquarelle au contact d'un pinceau humide.
 Cette fonctionnalité permet de créer des dégradés uniques et des designs originaux.
 Le kit contient tout le nécessaire pour démarrer : 12 crayons aquarellables, un pinceau et un taille-crayon. Les mines de 3,3 mm, ultra-résistantes à la casse grâce au procédé de collage spécial (SV), réduisent le temps de taille et augmentent la durabilité.
 Pour une tranquillité d'esprit, la peinture se lave facilement de la plupart des tissus.
 De plus, ces crayons sont non-toxiques, sûrs pour les enfants et fabriqués en bois certifié FSC issu de forêts gérées durablement.","Ce coffret de 12 crayons de couleur aquarellables offre une créativité unique.
 Ses mines se transforment en magnifiques aquarelles au contact de l'eau, et les crayons, fabriqués en bois certifié FSC, sont conçus pour être durables et confortables.",90,2,Taxable Goods,search,0,"mgs_brand=FABER CASTELL,techno_ref=114462",999,1,
1140663693,crayons-de-couleur-parrot-aquarel-boite-x24,114464,Products,simple,base,Indonesia,"CRAYONS DE COULEUR PARROT AQUAREL BOITE x24 ""FABER CASTELL"" REF:114464","Le coffret de 24 crayons de couleur aquarellables est parfait pour donner une nouvelle dimension à vos créations.
 Chaque crayon, de forme hexagonale pour une prise en main confortable, contient une mine douce et riche en pigments qui se transforme en aquarelle au contact d'un pinceau humide.
 Cette fonctionnalité permet de créer des dégradés uniques et des designs originaux.
 Le kit contient tout le nécessaire pour démarrer : 24 crayons aquarellables, un pinceau et un taille-crayon. Les mines de 3,3 mm, ultra-résistantes à la casse grâce au procédé de collage spécial (SV), réduisent le temps de taille et augmentent la durabilité.
 Pour une tranquillité d'esprit, la peinture se lave facilement de la plupart des tissus.
 De plus, ces crayons sont non-toxiques, sûrs pour les enfants et fabriqués en bois certifié FSC issu de forêts gérées durablement.","Ce coffret de 24 crayons de couleur aquarellables offre une créativité unique.
 Ses mines se transforment en magnifiques aquarelles au contact de l'eau, et les crayons, fabriqués en bois certifié FSC, sont conçus pour être durables et confortables.",170,2,Taxable Goods,search,0,"mgs_brand=FABER CASTELL,techno_ref=114464",999,1,
1140663694,crayons-de-couleur-parrot-aquarel-boite-x36,114466,Products,simple,base,Indonesia,"CRAYONS DE COULEUR PARROT AQUAREL BOITE x36 ""FABER CASTELL"" REF:114466","Le coffret de 36 crayons de couleur aquarellables est parfait pour donner une nouvelle dimension à vos créations.
 Chaque crayon, de forme hexagonale pour une prise en main confortable, contient une mine douce et riche en pigments qui se transforme en aquarelle au contact d'un pinceau humide.
 Cette fonctionnalité permet de créer des dégradés uniques et des designs originaux.
 Le kit contient tout le nécessaire pour démarrer : 36 crayons aquarellables, un pinceau et un taille-crayon. Les mines de 3,3 mm, ultra-résistantes à la casse grâce au procédé de collage spécial (SV), réduisent le temps de taille et augmentent la durabilité.
 Pour une tranquillité d'esprit, la peinture se lave facilement de la plupart des tissus.
 De plus, ces crayons sont non-toxiques, sûrs pour les enfants et fabriqués en bois certifié FSC issu de forêts gérées durablement.","Ce coffret de 36 crayons de couleur aquarellables offre une créativité unique.
 Ses mines se transforment en magnifiques aquarelles au contact de l'eau, et les crayons, fabriqués en bois certifié FSC, sont conçus pour être durables et confortables.",250,2,Taxable Goods,search,0,"mgs_brand=FABER CASTELL,techno_ref=114466",999,1,
1140663695,crayons-de-couleur-parrot-aquarel-boite-x48,114468,Products,simple,base,Indonesia,"CRAYONS DE COULEUR PARROT AQUAREL BOITE x48 ""FABER CASTELL"" REF:114468","Le coffret de 48 crayons de couleur aquarellables est parfait pour donner une nouvelle dimension à vos créations.
 Chaque crayon, de forme hexagonale pour une prise en main confortable, contient une mine douce et riche en pigments qui se transforme en aquarelle au contact d'un pinceau humide.
 Cette fonctionnalité permet de créer des dégradés uniques et des designs originaux.
 Le kit contient tout le nécessaire pour démarrer : 48 crayons aquarellables, un pinceau et un taille-crayon. Les mines de 3,3 mm, ultra-résistantes à la casse grâce au procédé de collage spécial (SV), réduisent le temps de taille et augmentent la durabilité.
 Pour une tranquillité d'esprit, la peinture se lave facilement de la plupart des tissus.
 De plus, ces crayons sont non-toxiques, sûrs pour les enfants et fabriqués en bois certifié FSC issu de forêts gérées durablement","Ce coffret de 48 crayons de couleur aquarellables offre une créativité unique.
 Ses mines se transforment en magnifiques aquarelles au contact de l'eau, et les crayons, fabriqués en bois certifié FSC, sont conçus pour être durables et confortables.",330,2,Taxable Goods,search,0,"mgs_brand=FABER CASTELL,techno_ref=114468",999,1,
1140663715,crayons-de-couleur-classic-metalic-couleur-x05,114611,Products,simple,base,Indonesia,"CRAYONS DE COULEUR CLASSIC METALIC COULEUR X05 ""FABER CASTELL"" REF:114611","Ce pack de 5 crayons de couleur métalliques est idéal pour apporter une touche scintillante à vos dessins.
 Ces crayons, de forme hexagonale pour une prise en main confortable, sont conçus pour offrir un maximum de brillance, en particulier sur le papier de couleur foncée.
 Les mines de 3,3 mm, riches et douces, couvrent de grandes surfaces avec des couleurs éclatantes et sont extrêmement résistantes à la casse grâce au procédé de collage spécial (SV), ce qui prolonge leur durée de vie.
 Fabriqués en bois certifié FSC issu de forêts durables, ils sont non toxiques et sans danger pour les enfants.
 Un espace est également prévu sur chaque crayon pour y inscrire votre nom.","Découvrez le pack de 5 crayons de couleur métalliques, parfaits pour ajouter de l'éclat à vos créations.
 Leurs mines, très résistantes à la casse, délivrent des couleurs intenses, notamment sur le papier foncé.",40,2,Taxable Goods,search,0,"mgs_brand=FABER CASTELL,techno_ref=114611",999,1,
1140663678,crayons-de-couleur-naturals-boite-de-12-pcs,115012,Products,simple,base,Indonesia,"CRAYONS DE COULEUR NATURALS BOITE DE 12 PCS ""FABER CASTELL"" REF:115012","Découvrez les crayons de couleur FABER CASTELL ""Naturals"", un produit de haute qualité conçu pour le plaisir du dessin.
 Ce pack de 12 crayons combine des couleurs vives et un design ergonomique, avec un corps hexagonal en bois certifié FSC pour une prise en main confortable qui empêche les crayons de rouler.
 La mine de 2,9 mm est douce et riche en pigments, permettant de couvrir facilement de grandes surfaces.
 Grâce à un procédé de collage spécial (SV), la mine est aussi particulièrement résistante à la casse, ce qui réduit le temps de taille.
 Soucieux de l'environnement, le produit est livré dans un emballage 100% en carton recyclé, et son transport est entièrement exempt de plastique.
 Sans plastique, non toxiques et sûrs pour les enfants, ces crayons sont une option responsable et durable.
 Ils sont disponibles en plusieurs assortiments, jusqu'à 24 couleurs.","Crayons de couleur FABER CASTELL ""Naturals"" de haute qualité, en bois certifié FSC et dans un emballage 100% recyclé.
 Leur forme hexagonale ergonomique et leur mine très résistante à la casse rendent le dessin agréable.",80,2,Taxable Goods,search,0,"mgs_brand=FABER CASTELL,techno_ref=115012",999,1,
1140663679,crayons-de-couleur-naturals-boite-de-24-pcs,115024,Products,simple,base,Indonesia,"CRAYONS DE COULEUR NATURALS BOITE DE 24 PCS ""FABER CASTELL"" REF:115024","Découvrez les crayons de couleur FABER CASTELL ""Naturals"", un produit de haute qualité conçu pour le plaisir du dessin.
 Ce pack de 24 crayons combine des couleurs vives et un design ergonomique, avec un corps hexagonal en bois certifié FSC pour une prise en main confortable qui empêche les crayons de rouler.
 La mine de 2,9 mm est douce et riche en pigments, permettant de couvrir facilement de grandes surfaces.
 Grâce à un procédé de collage spécial (SV), la mine est aussi particulièrement résistante à la casse, ce qui réduit le temps de taille.
 Soucieux de l'environnement, le produit est livré dans un emballage 100% en carton recyclé, et son transport est entièrement exempt de plastique.
 Sans plastique, non toxiques et sûrs pour les enfants, ces crayons sont une option responsable et durable.
 Ils sont disponibles en plusieurs assortiments, jusqu'à 24 couleurs","Crayons de couleur FABER CASTELL ""Naturals"" de haute qualité, en bois certifié FSC et dans un emballage 100% recyclé.
 Leur forme hexagonale ergonomique et leur mine très résistante à la casse rendent le dessin agréable.",160,2,Taxable Goods,search,0,"mgs_brand=FABER CASTELL,techno_ref=115024",999,1,
1140663712,crayons-de-couleur-classic-world-couleurs-boite-x10,115802,Products,simple,base,Indonesia,"CRAYONS DE COULEUR CLASSIC WORLD COULEURS BOITE X10 ""FABER CASTELL"" REF:115802","Découvrez le pack de 10 crayons de couleur Classic World Colours, une collection unique conçue pour que les enfants puissent représenter fidèlement toutes les carnations.
 Ces crayons, aux teintes parfaitement mélangeables, ouvrent les horizons et éduquent sur la diversité.
 Fabriqués en bois certifié FSC issu de forêts durables, ils sont à la fois écologiques et sûrs.
 Leur corps hexagonal assure une prise en main confortable, et leurs mines de 3,3 mm sont ultra-résistantes à la casse grâce au procédé de collage spécial (SV).
 Douces et riches en pigments, elles couvrent de grandes surfaces avec des couleurs vives.
 Non toxiques et dotés d'un espace pour écrire son nom, ces crayons sont l'outil idéal pour que les enfants s'expriment et se représentent de manière inclusive.","Ce pack de 10 crayons de couleur World Colours est conçu pour représenter toutes les teintes de peau, encourageant la diversité chez les enfants.
 Leur mine, très résistante à la casse, et leur corps hexagonal en bois certifié FSC garantissent une utilisation confortable et durable.",70,2,Taxable Goods,search,0,"mgs_brand=FABER CASTELL,techno_ref=115802",999,1,
1140663713,crayons-de-couleur-classic-world-couleurs-boite-x22,115803,Products,simple,base,Indonesia,"CRAYONS DE COULEUR CLASSIC WORLD COULEURS BOITE X22 ""FABER CASTELL"" REF:115803","Découvrez le pack de 22 crayons de couleur Classic World Colours, une collection unique conçue pour que les enfants puissent représenter fidèlement toutes les carnations.
 Ces crayons, aux teintes parfaitement mélangeables, ouvrent les horizons et éduquent sur la diversité.
 Fabriqués en bois certifié FSC issu de forêts durables, ils sont à la fois écologiques et sûrs.
 Leur corps hexagonal assure une prise en main confortable, et leurs mines de 3,3 mm sont ultra-résistantes à la casse grâce au procédé de collage spécial (SV).
 Douces et riches en pigments, elles couvrent de grandes surfaces avec des couleurs vives.
 Non toxiques et dotés d'un espace pour écrire son nom, ces crayons sont l'outil idéal pour que les enfants s'expriment et se représentent de manière inclusive","Ce pack de 22 crayons de couleur World Colours est conçu pour représenter toutes les teintes de peau, encourageant la diversité chez les enfants.
 Leur mine, très résistante à la casse, et leur corps hexagonal en bois certifié FSC garantissent une utilisation confortable et durable",150,2,Taxable Goods,search,0,"mgs_brand=FABER CASTELL,techno_ref=115803",999,1,
1140663740,crayons-de-couleur-classic-boite-rond-metal-x12,115826,Products,simple,base,Indonesia,"CRAYONS DE COULEUR CLASSIC BOITE ROND METAL X12 ""FABER CASTELL"" REF:115826","Découvrez ce coffret de 12 crayons de couleur classiques FABER CASTELL, présentés dans une élégante boîte métallique ronde.
 Ces crayons offrent des couleurs vives et lumineuses qui rendront vos dessins éclatants.
 Leur corps de forme hexagonale assure une prise en main confortable et empêche les crayons de rouler sur la table.
 Fabriqués avec du bois issu de forêts certifiées durables (FSC), ils sont non seulement agréables à utiliser, mais aussi respectueux de l'environnement.
 De plus, leur mine est protégée contre la casse, garantissant une durabilité et une fiabilité à toute épreuve","Ce coffret de 12 crayons de couleur FABER CASTELL offre des couleurs vives et lumineuses.
 De forme hexagonale classique, ils sont fabriqués en bois certifié FSC et leur mine est protégée contre la casse, garantissant une utilisation durable et confortable",140,2,Taxable Goods,search,0,"mgs_brand=FABER CASTELL,techno_ref=115826",999,1,
1140663741,crayons-de-couleur-classic-boite-rond-metal-x24,115827,Products,simple,base,Indonesia,"CRAYONS DE COULEUR CLASSIC BOITE ROND METAL X24 ""FABER CASTELL"" REF:115827","Découvrez ce coffret de 24 crayons de couleur classiques FABER CASTELL, présentés dans une élégante boîte métallique ronde.
 Ces crayons offrent des couleurs vives et lumineuses qui rendront vos dessins éclatants.
 Leur corps de forme hexagonale assure une prise en main confortable et empêche les crayons de rouler sur la table.
 Fabriqués avec du bois issu de forêts certifiées durables (FSC), ils sont non seulement agréables à utiliser, mais aussi respectueux de l'environnement.
 De plus, leur mine est protégée contre la casse, garantissant une durabilité et une fiabilité à toute épreuve","Ce coffret de 24 crayons de couleur FABER CASTELL offre des couleurs vives et lumineuses.
 De forme hexagonale classique, ils sont fabriqués en bois certifié FSC et leur mine est protégée contre la casse, garantissant une utilisation durable et confortable.",240,2,Taxable Goods,search,0,"mgs_brand=FABER CASTELL,techno_ref=115827",999,1,
1140663742,crayons-de-couleur-classic-boite-rond-metal-x36,115828,Products,simple,base,Indonesia,"CRAYONS DE COULEUR CLASSIC BOITE ROND METAL X36 ""FABER CASTELL"" REF:115828","Découvrez ce coffret de 36 crayons de couleur classiques FABER CASTELL, présentés dans une élégante boîte métallique ronde.
 Ces crayons offrent des couleurs vives et lumineuses qui rendront vos dessins éclatants.
 Leur corps de forme hexagonale assure une prise en main confortable et empêche les crayons de rouler sur la table.
 Fabriqués avec du bois issu de forêts certifiées durables (FSC), ils sont non seulement agréables à utiliser, mais aussi respectueux de l'environnement.
 De plus, leur mine est protégée contre la casse, garantissant une durabilité et une fiabilité à toute épreuve.","Ce coffret de 36 crayons de couleur FABER CASTELL offre des couleurs vives et lumineuses.
 De forme hexagonale classique, ils sont fabriqués en bois certifié FSC et leur mine est protégée contre la casse, garantissant une utilisation durable et confortable.",340,2,Taxable Goods,search,0,"mgs_brand=FABER CASTELL,techno_ref=115828",999,1,
1140663721,crayons-de-couleur-classic-boite-metalic-x12,115844,Products,simple,base,Indonesia,"CRAYONS DE COULEUR CLASSIC BOITE METALIC X12 ""FABER CASTELL"" REF:115844","Découvrez ce pack de 12 crayons de couleur FABER CASTELL Classic 115844, présentés dans un élégant boîtier métallique.
 Conçus pour la durabilité et la créativité, ces crayons possèdent une mine extra-épaisse dotée d'une forte pigmentation pour des couleurs éclatantes et lumineuses.
 Leur forme hexagonale classique offre une prise en main confortable, tandis que leur mine est incassable grâce à un collage spécial, ce qui en fait un choix fiable même pour les plus jeunes artistes.
 Le bois utilisé est certifié issu de forêts gérées de manière durable, alliant ainsi qualité, performance et respect de l'environnement.","Ce coffret de 12 crayons de couleur FABER CASTELL, présenté dans une boîte métallique, est idéal pour un usage intensif.
 Sa mine extra-épaisse et sa forte pigmentation garantissent des couleurs intenses, et sa forme hexagonale assure une prise en main confortable.",150,2,Taxable Goods,search,0,"mgs_brand=FABER CASTELL,techno_ref=115844",999,1,
1140663723,crayons-de-couleur-classic-boite-metalic-x24,115845,Products,simple,base,Indonesia,"CRAYONS DE COULEUR CLASSIC BOITE METALIC X24 ""FABER CASTELL"" REF:115845","Découvrez ce pack de 24 crayons de couleur FABER CASTELL Classic 115844, présentés dans un élégant boîtier métallique.
 Conçus pour la durabilité et la créativité, ces crayons possèdent une mine extra-épaisse dotée d'une forte pigmentation pour des couleurs éclatantes et lumineuses.
 Leur forme hexagonale classique offre une prise en main confortable, tandis que leur mine est incassable grâce à un collage spécial, ce qui en fait un choix fiable même pour les plus jeunes artistes.
 Le bois utilisé est certifié issu de forêts gérées de manière durable, alliant ainsi qualité, performance et respect de l'environnement.","Ce coffret de 24 crayons de couleur FABER CASTELL, présenté dans une boîte métallique, est idéal pour un usage intensif.
 Sa mine extra-épaisse et sa forte pigmentation garantissent des couleurs intenses, et sa forme hexagonale assure une prise en main confortable.",250,2,Taxable Goods,search,0,"mgs_brand=FABER CASTELL,techno_ref=115845",999,1,
1140663724,crayons-de-couleur-classic-boite-metalic-x36,115846,Products,simple,base,Indonesia,"CRAYONS DE COULEUR CLASSIC BOITE METALIC X36 ""FABER CASTELL"" REF:115846","Découvrez ce pack de 36 crayons de couleur FABER CASTELL Classic 115844, présentés dans un élégant boîtier métallique.
 Conçus pour la durabilité et la créativité, ces crayons possèdent une mine extra-épaisse dotée d'une forte pigmentation pour des couleurs éclatantes et lumineuses.
 Leur forme hexagonale classique offre une prise en main confortable, tandis que leur mine est incassable grâce à un collage spécial, ce qui en fait un choix fiable même pour les plus jeunes artistes.
 Le bois utilisé est certifié issu de forêts gérées de manière durable, alliant ainsi qualité, performance et respect de l'environnement.","Ce coffret de 36 crayons de couleur FABER CASTELL, présenté dans une boîte métallique, est idéal pour un usage intensif.
 Sa mine extra-épaisse et sa forte pigmentation garantissent des couleurs intenses, et sa forme hexagonale assure une prise en main confortable.",350,2,Taxable Goods,search,0,"mgs_brand=FABER CASTELL,techno_ref=115846",999,1,
1140663726,crayons-de-couleur-classic-boite-metalic-x48,115849,Products,simple,base,Indonesia,"CRAYONS DE COULEUR CLASSIC BOITE METALIC X48 ""FABER CASTELL"" REF:115849","Découvrez ce pack de 48 crayons de couleur FABER CASTELL Classic 115844, présentés dans un élégant boîtier métallique.
 Conçus pour la durabilité et la créativité, ces crayons possèdent une mine extra-épaisse dotée d'une forte pigmentation pour des couleurs éclatantes et lumineuses.
 Leur forme hexagonale classique offre une prise en main confortable, tandis que leur mine est incassable grâce à un collage spécial, ce qui en fait un choix fiable même pour les plus jeunes artistes.
 Le bois utilisé est certifié issu de forêts gérées de manière durable, alliant ainsi qualité, performance et respect de l'environnement.","Ce coffret de 48 crayons de couleur FABER CASTELL, présenté dans une boîte métallique, est idéal pour un usage intensif.
 Sa mine extra-épaisse et sa forte pigmentation garantissent des couleurs intenses, et sa forme hexagonale assure une prise en main confortable.",450,2,Taxable Goods,search,0,"mgs_brand=FABER CASTELL,techno_ref=115849",999,1,
1140663680,crayons-de-couleur-classic-mini-boite-de-12-pcs,115851,Products,simple,base,Indonesia,"CRAYONS DE COULEUR CLASSIC MINI BOITE DE 12 PCS ""FABER CASTELL"" REF:115851","Découvrez ce pack de 12 demi-crayons de couleur classiques FABER CASTELL, présenté dans un étui en carton pratique.
 Idéaux pour les petites mains, ces crayons de forme hexagonale standard offrent des couleurs vives et riches, et incluent même une teinte dorée pour une touche d'éclat.
 Leur mine de 3,3 mm est particulièrement résistante à la casse grâce à un procédé de collage spécial, ce qui garantit une longue durée de vie et une expérience de dessin sans interruption.
 En tant que produit Eco Pencil, ils sont fabriqués à partir de bois issu de forêts gérées durablement, ce qui en fait un choix à la fois créatif et respectueux de l'environnement.","Ce pack de 12 demi-crayons de couleur classiques de FABER CASTELL offre des teintes riches et vives, incluant la couleur or.
 Leur mine de 3,3 mm est protégée contre la casse par un procédé de collage spécial.",60,2,Taxable Goods,search,0,"mgs_brand=FABER CASTELL,techno_ref=115851",999,1,
1140663681,crayons-de-couleur-classic-boite-de-12-pcs,115852,Products,simple,base,Indonesia,"CRAYONS DE COULEUR CLASSIC BOITE DE 12 PCS ""FABER CASTELL"" REF:115852","Découvrez ce pack de 12 crayons de couleur classiques, parfaits pour tous vos projets créatifs.
 Ces crayons de taille standard et de forme hexagonale offrent un grand confort d'utilisation et une bonne prise en main.
 Grâce à leur forte pigmentation, ils délivrent des couleurs vives et éclatantes. La mine, très résistante à la casse grâce à un procédé de collage spécial, vous garantit une durabilité exceptionnelle.
 Les crayons de cette gamme sont disponibles en un large éventail de couleurs, jusqu'à 60 teintes différentes, pour une créativité sans limites.","Ce pack de 12 crayons de couleur classiques offre des teintes vives et intenses.
 Leur forme hexagonale assure une bonne prise en main, et leur mine est particulièrement résistante à la casse grâce à un procédé de collage spécial, garantissant durabilité et fiabilité.",80,2,Taxable Goods,search,0,"mgs_brand=FABER CASTELL,techno_ref=115852",999,1,
1140663682,crayons-de-couleur-classic-boite-de-24-pcs,115854,Products,simple,base,Indonesia,"CRAYONS DE COULEUR CLASSIC BOITE DE 24 PCS ""FABER CASTELL"" REF:115854","Découvrez ce pack de 24 crayons de couleur classiques, parfaits pour tous vos projets créatifs.
 Ces crayons de taille standard et de forme hexagonale offrent un grand confort d'utilisation et une bonne prise en main.
 Grâce à leur forte pigmentation, ils délivrent des couleurs vives et éclatantes. La mine, très résistante à la casse grâce à un procédé de collage spécial, vous garantit une durabilité exceptionnelle.
 Les crayons de cette gamme sont disponibles en un large éventail de couleurs, jusqu'à 60 teintes différentes, pour une créativité sans limites.","Ce pack de 24 crayons de couleur classiques offre des teintes vives et intenses.
 Leur forme hexagonale assure une bonne prise en main, et leur mine est particulièrement résistante à la casse grâce à un procédé de collage spécial, garantissant durabilité et fiabilité.",160,2,Taxable Goods,search,0,"mgs_brand=FABER CASTELL,techno_ref=115854",999,1,
1140663683,crayons-de-couleur-classic-boite-de-36-pcs,115856,Products,simple,base,Indonesia,"CRAYONS DE COULEUR CLASSIC BOITE DE 36 PCS ""FABER CASTELL"" REF:115856","Découvrez ce pack de 36 crayons de couleur classiques, parfaits pour tous vos projets créatifs.
 Ces crayons de taille standard et de forme hexagonale offrent un grand confort d'utilisation et une bonne prise en main.
 Grâce à leur forte pigmentation, ils délivrent des couleurs vives et éclatantes.
 La mine, très résistante à la casse grâce à un procédé de collage spécial, vous garantit une durabilité exceptionnelle.
 Les crayons de cette gamme sont disponibles en un large éventail de couleurs, jusqu'à 60 teintes différentes, pour une créativité sans limites.","Ce pack de 36 crayons de couleur classiques offre des teintes vives et intenses.
 Leur forme hexagonale assure une bonne prise en main, et leur mine est particulièrement résistante à la casse grâce à un procédé de collage spécial, garantissant durabilité et fiabilité.",240,2,Taxable Goods,search,0,"mgs_brand=FABER CASTELL,techno_ref=115856",999,1,
1140663684,crayons-de-couleur-classic-boite-de-48-pcs,115858,Products,simple,base,Indonesia,"CRAYONS DE COULEUR CLASSIC BOITE DE 48 PCS ""FABER CASTELL"" REF:115858","Découvrez ce pack de 48 crayons de couleur classiques, parfaits pour tous vos projets créatifs.
 Ces crayons de taille standard et de forme hexagonale offrent un grand confort d'utilisation et une bonne prise en main.
 Grâce à leur forte pigmentation, ils délivrent des couleurs vives et éclatantes. La mine, très résistante à la casse grâce à un procédé de collage spécial, vous garantit une durabilité exceptionnelle.
 Les crayons de cette gamme sont disponibles en un large éventail de couleurs, jusqu'à 60 teintes différentes, pour une créativité sans limites.","Ce pack de 48 crayons de couleur classiques offre des teintes vives et intenses.
 Leur forme hexagonale assure une bonne prise en main, et leur mine est particulièrement résistante à la casse grâce à un procédé de collage spécial, garantissant durabilité et fiabilité.",320,2,Taxable Goods,search,0,"mgs_brand=FABER CASTELL,techno_ref=115858",999,1,
1140663727,crayons-de-couleur-classic-boite-metalic-x60,115893,Products,simple,base,Indonesia,"CRAYONS DE COULEUR CLASSIC BOITE METALIC X60 ""FABER CASTELL"" REF:115893","Découvrez ce pack de 60 crayons de couleur FABER CASTELL Classic 115844, présentés dans un élégant boîtier métallique.
 Conçus pour la durabilité et la créativité, ces crayons possèdent une mine extra-épaisse dotée d'une forte pigmentation pour des couleurs éclatantes et lumineuses.
 Leur forme hexagonale classique offre une prise en main confortable, tandis que leur mine est incassable grâce à un collage spécial, ce qui en fait un choix fiable même pour les plus jeunes artistes.
 Le bois utilisé est certifié issu de forêts gérées de manière durable, alliant ainsi qualité, performance et respect de l'environnement.","Ce coffret de 60 crayons de couleur FABER CASTELL, présenté dans une boîte métallique, est idéal pour un usage intensif.
 Sa mine extra-épaisse et sa forte pigmentation garantissent des couleurs intenses, et sa forme hexagonale assure une prise en main confortable.",550,2,Taxable Goods,search,0,"mgs_brand=FABER CASTELL,techno_ref=115893",999,1,
1140663735,crayons-de-couleur-parrot-aquarel-metal-x12,115913,Products,simple,base,Indonesia,"CRAYONS DE COULEUR PARROT AQUAREL METAL x12 ""FABER CASTELL"" REF:115913","Découvrez la qualité professionnelle de ces 12 crayons de couleur aquarellables FABER CASTELL, présentés dans un étui métallique plat élégant.
 Leurs mines, entièrement solubles dans l'eau, permettent de créer des effets d'aquarelle uniques, tout en offrant une résistance à la lumière et une brillance incomparables.
 Conçus avec un bois de haute qualité, ces crayons sont des outils polyvalents, parfaits pour les loisirs créatifs, les fournitures de bureau, les livres de coloriage et les coffrets d'artistes.
 Que ce soit à la maison, au bureau ou dans la trousse, ces crayons répondent à tous vos besoins créatifs.","Ce coffret de 12 crayons de couleur aquarellables FABER CASTELL, présenté dans un étui métallique plat, offre des mines entièrement solubles dans l'eau.
 Leur qualité supérieure garantit une résistance à la lumière et une brillance inégalées, idéal pour le bureau, la maison ou la trousse.",160,2,Taxable Goods,search,0,"mgs_brand=FABER CASTELL,techno_ref=115913",999,1,
1140663736,crayons-de-couleur-parrot-aquarel-metal-x24,115925,Products,simple,base,Indonesia,"CRAYONS DE COULEUR PARROT AQUAREL METAL x24 ""FABER CASTELL"" REF:115925","Découvrez la qualité professionnelle de ces 24 crayons de couleur aquarellables FABER CASTELL, présentés dans un étui métallique plat élégant.
 Leurs mines, entièrement solubles dans l'eau, permettent de créer des effets d'aquarelle uniques, tout en offrant une résistance à la lumière et une brillance incomparables.
 Conçus avec un bois de haute qualité, ces crayons sont des outils polyvalents, parfaits pour les loisirs créatifs, les fournitures de bureau, les livres de coloriage et les coffrets d'artistes.
 Que ce soit à la maison, au bureau ou dans la trousse, ces crayons répondent à tous vos besoins créatifs.","Ce coffret de 24 crayons de couleur aquarellables FABER CASTELL, présenté dans un étui métallique plat, offre des mines entièrement solubles dans l'eau.
 Leur qualité supérieure garantit une résistance à la lumière et une brillance inégalées, idéal pour le bureau, la maison ou la trousse",270,2,Taxable Goods,search,0,"mgs_brand=FABER CASTELL,techno_ref=115925",999,1,
1140663738,crayons-de-couleur-parrot-aquarel-metal-x48,115933,Products,simple,base,Indonesia,"CRAYONS DE COULEUR PARROT AQUAREL METAL x48 ""FABER CASTELL"" REF:115933","Découvrez la qualité professionnelle de ces 48 crayons de couleur aquarellables FABER CASTELL, présentés dans un étui métallique plat élégant.
 Leurs mines, entièrement solubles dans l'eau, permettent de créer des effets d'aquarelle uniques, tout en offrant une résistance à la lumière et une brillance incomparables.
 Conçus avec un bois de haute qualité, ces crayons sont des outils polyvalents, parfaits pour les loisirs créatifs, les fournitures de bureau, les livres de coloriage et les coffrets d'artistes.
 Que ce soit à la maison, au bureau ou dans la trousse, ces crayons répondent à tous vos besoins créatifs.","Ce coffret de 48 crayons de couleur aquarellables FABER CASTELL, présenté dans un étui métallique plat, offre des mines entièrement solubles dans l'eau.
 Leur qualité supérieure garantit une résistance à la lumière et une brillance inégalées, idéal pour le bureau, la maison ou la trousse.",500,2,Taxable Goods,search,0,"mgs_brand=FABER CASTELL,techno_ref=115933",999,1,
1140663737,crayons-de-couleur-parrot-aquarel-metal-x36,115937,Products,simple,base,Indonesia,"CRAYONS DE COULEUR PARROT AQUAREL METAL x36 ""FABER CASTELL"" REF:115937","Découvrez la qualité professionnelle de ces 36 crayons de couleur aquarellables FABER CASTELL, présentés dans un étui métallique plat élégant.
 Leurs mines, entièrement solubles dans l'eau, permettent de créer des effets d'aquarelle uniques, tout en offrant une résistance à la lumière et une brillance incomparables.
 Conçus avec un bois de haute qualité, ces crayons sont des outils polyvalents, parfaits pour les loisirs créatifs, les fournitures de bureau, les livres de coloriage et les coffrets d'artistes.
 Que ce soit à la maison, au bureau ou dans la trousse, ces crayons répondent à tous vos besoins créatifs.","Ce coffret de 36 crayons de couleur aquarellables FABER CASTELL, présenté dans un étui métallique plat, offre des mines entièrement solubles dans l'eau.
 Leur qualité supérieure garantit une résistance à la lumière et une brillance inégalées, idéal pour le bureau, la maison ou la trousse.",380,2,Taxable Goods,search,0,"mgs_brand=FABER CASTELL,techno_ref=115937",999,1,
1140663739,crayons-de-couleur-parrot-aquarel-metal-x60,115964,Products,simple,base,Indonesia,"CRAYONS DE COULEUR PARROT AQUAREL METAL x60 ""FABER CASTELL"" REF:115964","Découvrez la qualité professionnelle de ces 60 crayons de couleur aquarellables FABER CASTELL, présentés dans un étui métallique plat élégant.
 Leurs mines, entièrement solubles dans l'eau, permettent de créer des effets d'aquarelle uniques, tout en offrant une résistance à la lumière et une brillance incomparables.
 Conçus avec un bois de haute qualité, ces crayons sont des outils polyvalents, parfaits pour les loisirs créatifs, les fournitures de bureau, les livres de coloriage et les coffrets d'artistes.
 Que ce soit à la maison, au bureau ou dans la trousse, ces crayons répondent à tous vos besoins créatifs.","Ce coffret de 60 crayons de couleur aquarellables FABER CASTELL, présenté dans un étui métallique plat, offre des mines entièrement solubles dans l'eau.
 Leur qualité supérieure garantit une résistance à la lumière et une brillance inégalées, idéal pour le bureau, la maison ou la trousse",610,2,Taxable Goods,search,0,"mgs_brand=FABER CASTELL,techno_ref=115964",999,1,
1140663716,crayons-de-couleur-fish-boite-metalic-x100,115967,Products,simple,base,Indonesia,"CRAYONS DE COULEUR FISH BOITE METALIC X100 ""FABER CASTELL"" REF:115967","Plongez dans un monde de créativité illimité avec ce coffret de 100 crayons de couleur aquarellables FABER CASTELL Classic.
 Chaque crayon, doté d'une mine entièrement soluble dans l'eau, vous permet de passer du dessin à la peinture en un coup de pinceau.
 Leur forme hexagonale assure une prise en main ergonomique et les empêche de rouler sur votre espace de travail. Avec une palette de 100 couleurs vibrantes, ce coffret est un incontournable pour les artistes.
 Le modèle (référence 115967), livré dans une boîte de 33x19x4 cm et pesant 1200 g, inclut également une gomme pour un outil tout-en-un.","Découvrez le coffret de 100 crayons de couleur aquarellables FABER CASTELL Classic.
 De forme hexagonale pour une prise en main confortable, ces crayons offrent une palette de couleurs immense et sont livrés avec une gomme.",1200,2,Taxable Goods,search,0,"mgs_brand=FABER CASTELL,techno_ref=115967",999,1,
1140663696,crayons-de-couleur-grip-aquarel-boite-x12,116242,Products,simple,base,Indonesia,"CRAYONS DE COULEUR GRIP AQUAREL BOITE x12 ""FABER CASTELL"" REF:116242","Le pack de 12 crayons de couleur Grip est l'outil créatif idéal pour les enfants plus âgés.
 Chaque crayon combine des mines riches et solubles dans l'eau, qui se transforment en magnifiques aquarelles, avec un design ergonomique unique.
 La forme triangulaire et les picots de préhension brevetés ""Soft-Grip"" préviennent la fatigue et le glissement, assurant un confort optimal.
 Les mines de 3,3 mm, hautement pigmentées et ultra-résistantes à la casse grâce au procédé de collage spécial (SV), offrent des couleurs intenses et une grande durabilité.
 Pour une tranquillité d'esprit, la peinture se lave de la plupart des tissus.
 Le pack inclut un pinceau pour commencer à créer sans attendre, et les crayons sont fabriqués en bois certifié FSC.
 Un espace est également prévu pour y inscrire le nom de l'enfant.","Ce pack de 12 crayons de couleur aquarellables Grip est conçu pour les enfants plus âgés.
 Leur corps triangulaire ergonomique avec des picots antidérapants assure une prise en main confortable, tandis que leurs mines, qui se transforment en aquarelle, sont très résistantes à la casse et se lavent facilement des tissus.",100,2,Taxable Goods,search,0,"mgs_brand=FABER CASTELL,techno_ref=116242",999,1,
1140663703,crayons-de-couleur-grip-aquarel-boite-x24,116243,Products,simple,base,Indonesia,"CRAYONS DE COULEUR GRIP AQUAREL BOITE x24 ""FABER CASTELL"" REF:116243","Le pack de 24 crayons de couleur Grip est l'outil créatif idéal pour les enfants plus âgés.
 Chaque crayon combine des mines riches et solubles dans l'eau, qui se transforment en magnifiques aquarelles, avec un design ergonomique unique.
 La forme triangulaire et les picots de préhension brevetés ""Soft-Grip"" préviennent la fatigue et le glissement, assurant un confort optimal. Les mines de 3,3 mm, hautement pigmentées et ultra-résistantes à la casse grâce au procédé de collage spécial (SV), offrent des couleurs intenses et une grande durabilité.
 Pour une tranquillité d'esprit, la peinture se lave de la plupart des tissus. Le pack inclut un pinceau pour commencer à créer sans attendre, et les crayons sont fabriqués en bois certifié FSC.
 Un espace est également prévu pour y inscrire le nom de l'enfant.","Ce pack de 24 crayons de couleur aquarellables Grip est conçu pour les enfants plus âgés.
 Leur corps triangulaire ergonomique avec des picots antidérapants assure une prise en main confortable, tandis que leurs mines, qui se transforment en aquarelle, sont très résistantes à la casse et se lavent facilement des tissus.",190,2,Taxable Goods,search,0,"mgs_brand=FABER CASTELL,techno_ref=116243",999,1,
1140663705,crayons-de-couleur-grip-aquarel-boite-metal-x12,116245,Products,simple,base,Indonesia,"CRAYONS DE COULEUR GRIP AQUAREL BOITE METAL x12 ""FABER CASTELL"" REF:116245","Le pack de 12 crayons de couleur Grip est l'outil créatif idéal pour les enfants plus âgés.
 Chaque crayon combine des mines riches et solubles dans l'eau, qui se transforment en magnifiques aquarelles, avec un design ergonomique unique.
 La forme triangulaire et les picots de préhension brevetés ""Soft-Grip"" préviennent la fatigue et le glissement, assurant un confort optimal.
 Les mines de 3,3 mm, hautement pigmentées et ultra-résistantes à la casse grâce au procédé de collage spécial (SV), offrent des couleurs intenses et une grande durabilité.
 Pour une tranquillité d'esprit, la peinture se lave de la plupart des tissus.
 Le pack inclut un pinceau pour commencer à créer sans attendre, et les crayons sont fabriqués en bois certifié FSC.
 Un espace est également prévu pour y inscrire le nom de l'enfant.","Ce pack de 12 crayons de couleur aquarellables Grip est conçu pour les enfants plus âgés. Leur corps triangulaire ergonomique avec des picots antidérapants assure une prise en main confortable, tandis que leurs mines, qui se transforment en aquarelle, sont très résistantes à la casse et se lavent facilement des tissus.",180,2,Taxable Goods,search,0,"mgs_brand=FABER CASTELL,techno_ref=116245",999,1,
1140663706,crayons-de-couleur-grip-aquarel-boite-metal-x24,116246,Products,simple,base,Indonesia,"CRAYONS DE COULEUR GRIP AQUAREL BOITE METAL x24 ""FABER CASTELL"" REF:116246","Le pack de 24 crayons de couleur Grip est l'outil créatif idéal pour les enfants plus âgés.
 Chaque crayon combine des mines riches et solubles dans l'eau, qui se transforment en magnifiques aquarelles, avec un design ergonomique unique.
 La forme triangulaire et les picots de préhension brevetés ""Soft-Grip"" préviennent la fatigue et le glissement, assurant un confort optimal.
 Les mines de 3,3 mm, hautement pigmentées et ultra-résistantes à la casse grâce au procédé de collage spécial (SV), offrent des couleurs intenses et une grande durabilité.
 Pour une tranquillité d'esprit, la peinture se lave de la plupart des tissus.
 Le pack inclut un pinceau pour commencer à créer sans attendre, et les crayons sont fabriqués en bois certifié FSC.
 Un espace est également prévu pour y inscrire le nom de l'enfant.","Ce pack de 24 crayons de couleur aquarellables Grip est conçu pour les enfants plus âgés. Leur corps triangulaire ergonomique avec des picots antidérapants assure une prise en main confortable, tandis que leurs mines, qui se transforment en aquarelle, sont très résistantes à la casse et se lavent facilement des tissus.",290,2,Taxable Goods,search,0,"mgs_brand=FABER CASTELL,techno_ref=116246",999,1,
1140663708,crayons-de-couleur-grip-aquarel-boite-metal-x36,116247,Products,simple,base,Indonesia,"CRAYONS DE COULEUR GRIP AQUAREL BOITE METAL x36 ""FABER CASTELL"" REF:116247","Le pack de 36 crayons de couleur Grip est l'outil créatif idéal pour les enfants plus âgés.
 Chaque crayon combine des mines riches et solubles dans l'eau, qui se transforment en magnifiques aquarelles, avec un design ergonomique unique.
 La forme triangulaire et les picots de préhension brevetés ""Soft-Grip"" préviennent la fatigue et le glissement, assurant un confort optimal.
 Les mines de 3,3 mm, hautement pigmentées et ultra-résistantes à la casse grâce au procédé de collage spécial (SV), offrent des couleurs intenses et une grande durabilité.
 Pour une tranquillité d'esprit, la peinture se lave de la plupart des tissus.
 Le pack inclut un pinceau pour commencer à créer sans attendre, et les crayons sont fabriqués en bois certifié FSC.
 Un espace est également prévu pour y inscrire le nom de l'enfant.","Ce pack de 36 crayons de couleur aquarellables Grip est conçu pour les enfants plus âgés.
 Leur corps triangulaire ergonomique avec des picots antidérapants assure une prise en main confortable, tandis que leurs mines, qui se transforment en aquarelle, sont très résistantes à la casse et se lavent facilement des tissus.",400,2,Taxable Goods,search,0,"mgs_brand=FABER CASTELL,techno_ref=116247",999,1,
1140663746,crayons-graphite-junior-grip-2b-boite-metal-x50,116250,Products,simple,base,Indonesia,"CRAYONS GRAPHITE JUNIOR GRIP 2B BOITE METAL X50 ""FABER CASTELL"" REF:116250","Découvrez le pot de 50 crayons graphite Junior Grip de dureté 2B, l'outil d'écriture idéal pour les jeunes enfants.
 Ce pot métallique, parfait pour le rangement en classe ou à la maison, contient des crayons dont le corps large de forme triangulaire est spécialement conçu pour s'adapter à la taille de leurs mains et les encourager à adopter une prise en main correcte.
 Les picots de préhension ""Soft-Grip"" brevetés empêchent le crayon de glisser, garantissant un confort optimal et une utilisation sans fatigue.
 Les mines de 2,5 mm, riches et douces, permettent un tracé sombre et fluide.
 Grâce à la technologie de collage spécial (SV), elles sont extrêmement résistantes à la casse, ce qui prolonge leur durée de vie.
 Fabriqués en bois certifié FSC, non toxiques et sûrs, ces crayons sont une option fiable, durable et respectueuse de l'environnement, avec un espace prévu pour inscrire le nom de l'enfant.","Ce pot de 50 crayons graphite Junior Grip de dureté 2B est conçu pour les enfants.
 Son corps triangulaire large avec des picots antidérapants assure une prise en main ergonomique et ses mines très résistantes à la casse offrent un tracé doux et foncé.",650,2,Taxable Goods,search,0,"mgs_brand=FABER CASTELL,techno_ref=116250",999,1,
1140663728,crayons-de-couleur-grip-boite-de-12-pcs,116252,Products,simple,base,Indonesia,"CRAYONS DE COULEUR GRIP BOITE DE 12 PCS ""FABER CASTELL"" REF:116252","Découvrez le pack de 12 crayons de couleur Grip, conçus spécifiquement pour les enfants plus âgés, afin d'allier confort et créativité.
 Leur corps triangulaire ergonomique, doté de la zone brevetée ""Soft-Grip"" avec des picots de préhension, assure un confort optimal et une prise en main correcte, évitant la fatigue lors de longues sessions de dessin.
 Grâce à leurs mines de 3,3 mm, douces et riches en pigments, ces crayons offrent des couleurs vives et intenses qui couvrent facilement de larges surfaces.
 La technologie de collage spécial (SV) garantit une haute résistance à la casse, prolongeant ainsi la durée de vie des crayons et réduisant le temps de taille.
 Fabriqués en bois certifié FSC, ils sont non toxiques, sûrs pour les enfants et disposent même d'un espace pour écrire leur nom.","Idéal pour les enfants plus âgés, ce pack de 12 crayons de couleur Grip présente un corps triangulaire ergonomique avec des points antidérapants pour une prise en main parfaite.
 Leurs mines, très résistantes à la casse et hautement pigmentées, offrent des couleurs riches et éclatantes.",100,2,Taxable Goods,search,0,"mgs_brand=FABER CASTELL,techno_ref=116252",999,1,
1140663729,crayons-de-couleur-grip-boite-de-24-pcs,116253,Products,simple,base,Indonesia,"CRAYONS DE COULEUR GRIP BOITE DE 24 PCS ""FABER CASTELL"" REF:116253","Découvrez le pack de 24 crayons de couleur Grip, conçus spécifiquement pour les enfants plus âgés, afin d'allier confort et créativité. Leur corps triangulaire ergonomique, doté de la zone brevetée ""Soft-Grip"" avec des picots de préhension, assure un confort optimal et une prise en main correcte, évitant la fatigue lors de longues sessions de dessin.
 
 Grâce à leurs mines de 3,3 mm, douces et riches en pigments, ces crayons offrent des couleurs vives et intenses qui couvrent facilement de larges surfaces.
 La technologie de collage spécial (SV) garantit une haute résistance à la casse, prolongeant ainsi la durée de vie des crayons et réduisant le temps de taille.
 Fabriqués en bois certifié FSC, ils sont non toxiques, sûrs pour les enfants et disposent même d'un espace pour écrire leur nom.","Idéal pour les enfants plus âgés, ce pack de 24 crayons de couleur Grip présente un corps triangulaire ergonomique avec des points antidérapants pour une prise en main parfaite.
 Leurs mines, très résistantes à la casse et hautement pigmentées, offrent des couleurs riches et éclatantes.",190,2,Taxable Goods,search,0,"mgs_brand=FABER CASTELL,techno_ref=116253",999,1,
1140663730,crayons-de-couleur-grip-boite-metalic-x12,116255,Products,simple,base,Indonesia,"CRAYONS DE COULEUR GRIP BOITE METALIC X12 ""FABER CASTELL"" REF:116255","Découvrez le pack de 12 crayons de couleur Grip, conçus spécifiquement pour les enfants plus âgés, afin d'allier confort et créativité.
 Leur corps triangulaire ergonomique, doté de la zone brevetée ""Soft-Grip"" avec des picots de préhension, assure un confort optimal et une prise en main correcte, évitant la fatigue lors de longues sessions de dessin.
 
 Grâce à leurs mines de 3,3 mm, douces et riches en pigments, ces crayons offrent des couleurs vives et intenses qui couvrent facilement de larges surfaces.
 La technologie de collage spécial (SV) garantit une haute résistance à la casse, prolongeant ainsi la durée de vie des crayons et réduisant le temps de taille.
 Fabriqués en bois certifié FSC, ils sont non toxiques, sûrs pour les enfants et disposent même d'un espace pour écrire leur nom.","Idéal pour les enfants plus âgés, ce pack de 12 crayons de couleur Grip présente un corps triangulaire ergonomique avec des points antidérapants pour une prise en main parfaite.
 Leurs mines, très résistantes à la casse et hautement pigmentées, offrent des couleurs riches et éclatantes.",180,2,Taxable Goods,search,0,"mgs_brand=FABER CASTELL,techno_ref=116255",999,1,
1140663731,crayons-de-couleur-grip-boite-metalic-x24,116256,Products,simple,base,Indonesia,"CRAYONS DE COULEUR GRIP BOITE METALIC X24 ""FABER CASTELL"" REF:116256","Découvrez le pack de 24 crayons de couleur Grip, conçus spécifiquement pour les enfants plus âgés, afin d'allier confort et créativité.
 Leur corps triangulaire ergonomique, doté de la zone brevetée ""Soft-Grip"" avec des picots de préhension, assure un confort optimal et une prise en main correcte, évitant la fatigue lors de longues sessions de dessin.
 
 Grâce à leurs mines de 3,3 mm, douces et riches en pigments, ces crayons offrent des couleurs vives et intenses qui couvrent facilement de larges surfaces.
 La technologie de collage spécial (SV) garantit une haute résistance à la casse, prolongeant ainsi la durée de vie des crayons et réduisant le temps de taille.
 Fabriqués en bois certifié FSC, ils sont non toxiques, sûrs pour les enfants et disposent même d'un espace pour écrire leur nom.","Idéal pour les enfants plus âgés, ce pack de 24 crayons de couleur Grip présente un corps triangulaire ergonomique avec des points antidérapants pour une prise en main parfaite.
 Leurs mines, très résistantes à la casse et hautement pigmentées, offrent des couleurs riches et éclatantes.",290,2,Taxable Goods,search,0,"mgs_brand=FABER CASTELL,techno_ref=116256",999,1,
1140663732,crayons-de-couleur-grip-boite-metalic-x36,116257,Products,simple,base,Indonesia,"CRAYONS DE COULEUR GRIP BOITE METALIC X36 ""FABER CASTELL"" REF:116257","Découvrez le pack de 36 crayons de couleur Grip, conçus spécifiquement pour les enfants plus âgés, afin d'allier confort et créativité.
 Leur corps triangulaire ergonomique, doté de la zone brevetée ""Soft-Grip"" avec des picots de préhension, assure un confort optimal et une prise en main correcte, évitant la fatigue lors de longues sessions de dessin.
 
 Grâce à leurs mines de 3,3 mm, douces et riches en pigments, ces crayons offrent des couleurs vives et intenses qui couvrent facilement de larges surfaces.
 La technologie de collage spécial (SV) garantit une haute résistance à la casse, prolongeant ainsi la durée de vie des crayons et réduisant le temps de taille.
 Fabriqués en bois certifié FSC, ils sont non toxiques, sûrs pour les enfants et disposent même d'un espace pour écrire leur nom.","Idéal pour les enfants plus âgés, ce pack de 36 crayons de couleur Grip présente un corps triangulaire ergonomique avec des points antidérapants pour une prise en main parfaite.
 Leurs mines, très résistantes à la casse et hautement pigmentées, offrent des couleurs riches et éclatantes.",400,2,Taxable Goods,search,0,"mgs_brand=FABER CASTELL,techno_ref=116257",999,1,
1140663710,crayons-de-couleur-junior-grip-boite-rond-metal-x50,116258,Products,simple,base,Indonesia,"CRAYONS DE COULEUR JUNIOR GRIP BOITE ROND METAL X50 ""FABER CASTELL"" REF:116258","Découvrez le pot de 50 crayons de couleur Junior Grip, l'outil idéal pour les jeunes artistes.
 Ce pot métallique contient 50 crayons, répartis en 10 couleurs, parfait pour une utilisation en classe ou à la maison. Le design du crayon est spécialement pensé pour les petites mains : son large corps en bois de 8 mm de diamètre est de forme triangulaire ergonomique.
 Les picots de préhension ""Soft-Grip"" brevetés empêchent le glissement et encouragent une tenue correcte, garantissant ainsi un confort optimal sans fatigue.
 Les mines de 3,8 mm, douces et riches, offrent des couleurs intenses et couvrent de larges surfaces avec facilité.
 Grâce au procédé de collage spécial (SV), elles sont extrêmement résistantes à la casse, ce qui prolonge leur durée de vie et réduit le temps de taille.
 Fabriqués en bois certifié FSC, non toxiques et sûrs pour les enfants, ces crayons sont une option fiable, durable et respectueuse de l'environnement.
 Un espace est également prévu sur chaque crayon pour y inscrire le nom de l'enfant.","Ce pot de 50 crayons de couleur Junior Grip est spécialement conçu pour les enfants.
 Son large corps triangulaire et ses picots antidérapants assurent une prise en main ergonomique, et ses mines de 3,8 mm, très résistantes à la casse, délivrent des couleurs riches.",700,2,Taxable Goods,search,0,"mgs_brand=FABER CASTELL,techno_ref=116258",999,1,
1140663709,crayons-de-couleur-junior-grip-boite-de-10-pcs,116260,Products,simple,base,Indonesia,"CRAYONS DE COULEUR JUNIOR GRIP BOITE DE 10 PCS ""FABER CASTELL"" REF:116260","Le pack de 10 crayons de couleur Junior Grip est l'outil parfait pour les jeunes artistes.
 Spécialement conçus pour les petites mains, ces crayons possèdent un large corps en bois de 8 mm et une forme triangulaire ergonomique qui encourage une prise en main correcte.
 Les picots de préhension brevetés ""Soft-Grip"" empêchent le glissement et offrent un confort maximal, même pendant les longues sessions de coloriage.
 Grâce à leurs mines de 3,8 mm, douces et riches, les crayons couvrent facilement de larges surfaces avec des couleurs éclatantes.
 La technologie de collage spécial (SV) garantit une haute résistance à la casse, ce qui prolonge leur durée de vie et réduit le besoin de les tailler.
 Fabriqués en bois certifié FSC, non toxiques et sûrs pour les enfants, ils sont également dotés d'un espace pour écrire leur nom.","Ce pack de 10 crayons de couleur Junior Grip est conçu pour les enfants, avec un large corps triangulaire et des picots antidérapants pour une prise en main idéale. Ses mines de 3,8 mm, très résistantes à la casse, délivrent des couleurs riches et sont fabriquées en bois certifié FSC.",110,2,Taxable Goods,search,0,"mgs_brand=FABER CASTELL,techno_ref=116260",999,1,
1140663688,crayons-de-couleur-jumbo-boite-de-12-pcs,116501,Products,simple,base,Indonesia,"CRAYONS DE COULEUR JUMBO BOITE DE 12 PCS ""FABER CASTELL"" REF:116501","Offrez-vous un plaisir de coloriage unique avec ce pack de 12 crayons de couleur Jumbo Triangular.
 Spécialement conçus pour les jeunes artistes, ces crayons se distinguent par leur forme triangulaire ergonomique qui s'adapte parfaitement aux petites mains, que ce soit pour les droitiers ou les gauchers.
 Leurs mines extra-épaisses de 5,4 mm permettent une application de couleur douce et couvrante, pour des créations aux teintes vives et brillantes.
 Grâce au procédé de collage spécial (SV), les mines sont extrêmement résistantes à la casse, assurant une longue durée de vie.
 Fabriqués avec du bois issu de forêts certifiées durables, ces crayons sont à la fois fiables, confortables et respectueux de l'environnement.","Ce pack de 12 crayons de couleur Jumbo est idéal pour les jeunes artistes.
 Leur forme triangulaire ergonomique est parfaitement adaptée aux petites mains, et leurs mines extra-épaisses de 5,4 mm, très résistantes à la casse, délivrent des couleurs vives et douces.",160,2,Taxable Goods,search,0,"mgs_brand=FABER CASTELL,techno_ref=116501",999,1,
1140663687,crayons-de-couleur-jumbo-boite-de-06-pcs,116506,Products,simple,base,Indonesia,"CRAYONS DE COULEUR JUMBO BOITE DE 06 PCS ""FABER CASTELL"" REF:116506","Offrez-vous un plaisir de coloriage unique avec ce pack de 06 crayons de couleur Jumbo Triangular.
 Spécialement conçus pour les jeunes artistes, ces crayons se distinguent par leur forme triangulaire ergonomique qui s'adapte parfaitement aux petites mains, que ce soit pour les droitiers ou les gauchers.
 Leurs mines extra-épaisses de 5,4 mm permettent une application de couleur douce et couvrante, pour des créations aux teintes vives et brillantes.
 Grâce au procédé de collage spécial (SV), les mines sont extrêmement résistantes à la casse, assurant une longue durée de vie.
 Fabriqués avec du bois issu de forêts certifiées durables, ces crayons sont à la fois fiables, confortables et respectueux de l'environnement.","Ce pack de 06 crayons de couleur Jumbo est idéal pour les jeunes artistes. Leur forme triangulaire ergonomique est parfaitement adaptée aux petites mains, et leurs mines extra-épaisses de 5,4 mm, très résistantes à la casse, délivrent des couleurs vives et douces.",80,2,Taxable Goods,search,0,"mgs_brand=FABER CASTELL,techno_ref=116506",999,1,
1140663689,crayons-de-couleur-jumbo-boite-de-24-pcs,116524,Products,simple,base,Indonesia,"CRAYONS DE COULEUR JUMBO BOITE DE 24 PCS ""FABER CASTELL"" REF:116524","Offrez-vous un plaisir de coloriage unique avec ce pack de 24 crayons de couleur Jumbo Triangular.
 Spécialement conçus pour les jeunes artistes, ces crayons se distinguent par leur forme triangulaire ergonomique qui s'adapte parfaitement aux petites mains, que ce soit pour les droitiers ou les gauchers.
 Leurs mines extra-épaisses de 5,4 mm permettent une application de couleur douce et couvrante, pour des créations aux teintes vives et brillantes.
 Grâce au procédé de collage spécial (SV), les mines sont extrêmement résistantes à la casse, assurant une longue durée de vie. Fabriqués avec du bois issu de forêts certifiées durables, ces crayons sont à la fois fiables, confortables et respectueux de l'environnement.","Ce pack de 24 crayons de couleur Jumbo est idéal pour les jeunes artistes. Leur forme triangulaire ergonomique est parfaitement adaptée aux petites mains, et leurs mines extra-épaisses de 5,4 mm, très résistantes à la casse, délivrent des couleurs vives et douces.",310,2,Taxable Goods,search,0,"mgs_brand=FABER CASTELL,techno_ref=116524",999,1,
1140663690,crayons-graphite-junior-grip-2b,116594,Products,simple,base,Indonesia,"CRAYONS GRAPHITE JUNIOR GRIP 2B ""FABER CASTELL"" REF:116594","Ce pack de 12 crayons graphite FABER CASTELL Junior Triangular est l'outil parfait pour les jeunes qui apprennent à écrire.
 Son design triangulaire et ergonomique a été spécialement pensé pour aider les débutants à tenir correctement leur crayon, réduisant ainsi la fatigue et améliorant leur confort.
 Chaque crayon est doté d'une mine de dureté HB qui offre un tracé de qualité et qui s'efface facilement.
 La mine bénéficie également d'un procédé de collage spécial qui la rend extrêmement résistante à la casse, ce qui vous permet de passer plus de temps à vous entraîner et moins de temps à tailler vos crayons.","Ce pack de 12 crayons graphite FABER CASTELL Junior Triangular est conçu pour les débutants.
 Sa forme triangulaire et épaisse favorise une bonne prise en main, et sa mine de dureté HB, très résistante à la casse, est facile à gommer.",120,2,Taxable Goods,search,0,"mgs_brand=FABER CASTELL,techno_ref=116594",999,1,
1140663686,crayons-graphite-goldfaber-1222-hb,116800,Products,simple,base,Indonesia,"CRAYONS GRAPHITE GOLDFABER 1222 HB ""FABER CASTELL"" REF:116800","Le crayon graphite Goldfaber est le compagnon idéal des étudiants et jeunes artistes.
 Il offre une excellente performance pour l'écriture, le dessin et l'esquisse.
 Son corps de forme hexagonale assure une prise en main confortable, tandis que son design élégant, avec un corps bleu et des rayures dorées, en fait un objet aussi esthétique que fonctionnel.
 Sa mine de dureté HB est particulièrement résistante à la casse grâce au procédé de collage spécial (SV) de FABER CASTELL, garantissant une utilisation fiable et durable.
 De plus, il est équipé d'une gomme intégrée, ce qui en fait un outil complet et pratique.","Le crayon graphite Goldfaber est un outil polyvalent de haute qualité, parfait pour l'écriture, le dessin et l'esquisse.
 Sa mine HB, très résistante à la casse, et son corps hexagonal bleu orné de rayures dorées incluent une gomme pratique.",75,2,Taxable Goods,search,0,"mgs_brand=FABER CASTELL,techno_ref=116800",999,1,
1140663743,crayons-graphite-grip-2001-hb,317000,Products,simple,base,Indonesia,"CRAYONS GRAPHITE GRIP 2001 HB ""FABER CASTELL"" REF:317000","Le crayon graphite Grip 2001 est la preuve que le crayon reste un outil d'innovation.
 Conçu pour le confort, il se distingue par sa forme triangulaire ergonomique qui assure une prise en main sans fatigue, idéale pour de longues sessions d'écriture ou de dessin.
 Sa zone de préhension brevetée ""Grip"" est dotée de picots antidérapants qui empêchent les doigts de glisser, vous offrant un contrôle total.
 La mine, entièrement collée au corps du crayon, est extraordinairement résistante à la casse, ce qui prolonge sa durée de vie et réduit le besoin de taille.
 En plus de sa performance, le crayon est recouvert d'une peinture à base d'eau respectueuse de l'environnement, une technologie pionnière de FABER CASTELL.","Le crayon graphite Grip 2001 est un outil exceptionnel pour l'écriture, le dessin et l'esquisse.
 Sa forme triangulaire ergonomique et ses picots antidérapants garantissent une prise en main confortable, tandis que sa mine très résistante à la casse assure une performance durable.",75,2,Taxable Goods,search,0,"mgs_brand=FABER CASTELL,techno_ref=317000",999,1,
1140663744,crayons-graphite-grip-2001-2b,317002,Products,simple,base,Indonesia,"CRAYONS GRAPHITE GRIP 2001 2B ""FABER CASTELL"" REF:317002","Le crayon graphite Grip 2001 est la preuve que le crayon reste un outil d'innovation.
 Conçu pour le confort, il se distingue par sa forme triangulaire ergonomique qui assure une prise en main sans fatigue, idéale pour de longues sessions d'écriture ou de dessin.
 Sa zone de préhension brevetée ""Grip"" est dotée de picots antidérapants qui empêchent les doigts de glisser, vous offrant un contrôle total. La mine, entièrement collée au corps du crayon, est extraordinairement résistante à la casse, ce qui prolonge sa durée de vie et réduit le besoin de taille.
 En plus de sa performance, le crayon est recouvert d'une peinture à base d'eau respectueuse de l'environnement, une technologie pionnière de FABER CASTELL.","Le crayon graphite Grip 2001 est un outil exceptionnel pour l'écriture, le dessin et l'esquisse.
 Sa forme triangulaire ergonomique et ses picots antidérapants garantissent une prise en main confortable, tandis que sa mine très résistante à la casse assure une performance durable.",75,2,Taxable Goods,search,0,"mgs_brand=FABER CASTELL,techno_ref=317002",999,1,
1140663745,crayons-graphite-grip-2001-hb-boite-metal-x72,317072,Products,simple,base,Indonesia,"CRAYONS GRAPHITE GRIP 2001 HB BOITE METAL X72 ""FABER CASTELL"" REF:317072","Le crayon graphite Grip 2001 est la preuve que le crayon reste un outil d'innovation.
 Conçu pour le confort, il se distingue par sa forme triangulaire ergonomique qui assure une prise en main sans fatigue, idéale pour de longues sessions d'écriture ou de dessin.
 Sa zone de préhension brevetée ""Grip"" est dotée de picots antidérapants qui empêchent les doigts de glisser, vous offrant un contrôle total. La mine, entièrement collée au corps du crayon, est extraordinairement résistante à la casse, ce qui prolonge sa durée de vie et réduit le besoin de taille.
 En plus de sa performance, le crayon est recouvert d'une peinture à base d'eau respectueuse de l'environnement, une technologie pionnière de FABER CASTELL.","Le crayon graphite Grip 2001 est un outil exceptionnel pour l'écriture, le dessin et l'esquisse.
 Sa forme triangulaire ergonomique et ses picots antidérapants garantissent une prise en main confortable, tandis que sa mine très résistante à la casse assure une performance durable.",650,2,Taxable Goods,search,0,"mgs_brand=FABER CASTELL,techno_ref=317072",999,1,